D:/data/fddb/JPEGImages/2002/07/28/big/img_416.jpg,54,21,142,142,face
D:/data/fddb/JPEGImages/2002/07/28/big/img_416.jpg,285,10,356,115,face
D:/data/fddb/JPEGImages/2002/07/28/big/img_416.jpg,346,79,382,126,face
D:/data/fddb/JPEGImages/2002/08/07/big/img_1393.jpg,23,8,241,335,face
D:/data/fddb/JPEGImages/2002/08/07/big/img_1393.jpg,107,137,300,405,face
D:/data/fddb/JPEGImages/2002/08/26/big/img_292.jpg,47,17,249,344,face
D:/data/fddb/JPEGImages/2002/08/26/big/img_301.jpg,36,30,252,363,face
D:/data/fddb/JPEGImages/2003/01/13/big/img_195.jpg,125,20,248,182,face
D:/data/fddb/JPEGImages/2002/07/26/big/img_532.jpg,212,81,278,184,face
D:/data/fddb/JPEGImages/2002/07/26/big/img_532.jpg,143,27,219,136,face
D:/data/fddb/JPEGImages/2002/07/26/big/img_532.jpg,68,10,127,108,face
D:/data/fddb/JPEGImages/2002/07/26/big/img_532.jpg,0,0,34,83,face
D:/data/fddb/JPEGImages/2002/07/26/big/img_532.jpg,10,0,70,57,face
D:/data/fddb/JPEGImages/2002/07/26/big/img_532.jpg,103,1,166,99,face
D:/data/fddb/JPEGImages/2002/07/26/big/img_532.jpg,238,0,298,52,face
D:/data/fddb/JPEGImages/2002/07/26/big/img_532.jpg,249,16,308,108,face
D:/data/fddb/JPEGImages/2002/07/26/big/img_532.jpg,419,137,450,251,face
D:/data/fddb/JPEGImages/2002/08/20/big/img_550.jpg,86,30,305,332,face
D:/data/fddb/JPEGImages/2002/08/05/big/img_3658.jpg,78,114,177,269,face
D:/data/fddb/JPEGImages/2002/08/05/big/img_3658.jpg,170,26,256,160,face
D:/data/fddb/JPEGImages/2002/08/05/big/img_3658.jpg,249,79,359,246,face
D:/data/fddb/JPEGImages/2002/08/26/big/img_738.jpg,127,281,218,407,face
D:/data/fddb/JPEGImages/2002/09/02/big/img_15750.jpg,70,35,299,357,face
D:/data/fddb/JPEGImages/2003/01/17/big/img_451.jpg,231,20,382,234,face
D:/data/fddb/JPEGImages/2002/07/23/big/img_339.jpg,120,2,224,188,face
D:/data/fddb/JPEGImages/2002/08/16/big/img_637.jpg,193,18,276,154,face
D:/data/fddb/JPEGImages/2002/08/16/big/img_637.jpg,411,0,450,49,face
D:/data/fddb/JPEGImages/2002/08/14/big/img_748.jpg,131,24,196,116,face
D:/data/fddb/JPEGImages/2002/08/14/big/img_748.jpg,250,14,326,127,face
D:/data/fddb/JPEGImages/2002/08/14/big/img_748.jpg,336,67,388,138,face
D:/data/fddb/JPEGImages/2002/08/14/big/img_748.jpg,38,174,67,220,face
D:/data/fddb/JPEGImages/2002/08/06/big/img_2739.jpg,128,55,196,162,face
D:/data/fddb/JPEGImages/2002/08/06/big/img_2739.jpg,233,27,292,118,face
D:/data/fddb/JPEGImages/2002/08/06/big/img_2739.jpg,320,36,389,146,face
D:/data/fddb/JPEGImages/2002/08/06/big/img_2739.jpg,409,22,450,105,face
D:/data/fddb/JPEGImages/2002/07/25/big/img_482.jpg,136,59,218,181,face
D:/data/fddb/JPEGImages/2002/07/25/big/img_482.jpg,44,260,121,379,face
D:/data/fddb/JPEGImages/2002/07/25/big/img_482.jpg,361,275,426,391,face
D:/data/fddb/JPEGImages/2002/08/19/big/img_191.jpg,112,18,189,119,face
D:/data/fddb/JPEGImages/2002/08/19/big/img_191.jpg,230,55,297,155,face
D:/data/fddb/JPEGImages/2002/08/26/big/img_537.jpg,33,0,114,125,face
D:/data/fddb/JPEGImages/2002/08/26/big/img_537.jpg,173,49,246,164,face
D:/data/fddb/JPEGImages/2002/08/26/big/img_537.jpg,325,132,397,242,face
D:/data/fddb/JPEGImages/2003/01/15/big/img_716.jpg,92,33,257,279,face
D:/data/fddb/JPEGImages/2003/01/15/big/img_767.jpg,74,29,192,221,face
D:/data/fddb/JPEGImages/2002/08/02/big/img_452.jpg,73,54,148,166,face
D:/data/fddb/JPEGImages/2002/08/02/big/img_452.jpg,292,51,392,193,face
D:/data/fddb/JPEGImages/2002/08/08/big/img_1011.jpg,123,29,184,131,face
D:/data/fddb/JPEGImages/2002/08/08/big/img_1011.jpg,203,85,257,163,face
D:/data/fddb/JPEGImages/2002/08/10/big/img_144.jpg,72,39,138,138,face
D:/data/fddb/JPEGImages/2002/08/10/big/img_144.jpg,204,23,262,119,face
D:/data/fddb/JPEGImages/2003/01/14/big/img_122.jpg,234,123,325,269,face
D:/data/fddb/JPEGImages/2003/01/14/big/img_122.jpg,65,0,133,60,face
D:/data/fddb/JPEGImages/2002/07/24/big/img_586.jpg,105,64,246,273,face
D:/data/fddb/JPEGImages/2002/07/24/big/img_762.jpg,82,33,216,225,face
D:/data/fddb/JPEGImages/2002/07/24/big/img_762.jpg,243,147,294,275,face
D:/data/fddb/JPEGImages/2002/08/20/big/img_369.jpg,80,18,225,236,face
D:/data/fddb/JPEGImages/2002/07/30/big/img_146.jpg,77,45,219,246,face
D:/data/fddb/JPEGImages/2002/08/23/big/img_396.jpg,250,19,416,277,face
D:/data/fddb/JPEGImages/2003/01/15/big/img_200.jpg,128,16,230,155,face
D:/data/fddb/JPEGImages/2002/08/15/big/img_1183.jpg,0,67,68,180,face
D:/data/fddb/JPEGImages/2002/08/15/big/img_1183.jpg,59,44,122,136,face
D:/data/fddb/JPEGImages/2002/08/15/big/img_1183.jpg,165,14,241,128,face
D:/data/fddb/JPEGImages/2002/08/15/big/img_1183.jpg,377,1,438,98,face
D:/data/fddb/JPEGImages/2003/01/14/big/img_698.jpg,87,18,164,130,face
D:/data/fddb/JPEGImages/2002/08/09/big/img_792.jpg,108,85,192,203,face
D:/data/fddb/JPEGImages/2002/08/09/big/img_792.jpg,239,7,336,145,face
D:/data/fddb/JPEGImages/2002/08/06/big/img_2347.jpg,225,27,339,190,face
D:/data/fddb/JPEGImages/2002/07/31/big/img_911.jpg,197,12,334,222,face
D:/data/fddb/JPEGImages/2002/08/26/big/img_722.jpg,200,34,320,228,face
D:/data/fddb/JPEGImages/2002/08/23/big/img_621.jpg,118,22,223,188,face
D:/data/fddb/JPEGImages/2002/08/05/big/img_3790.jpg,140,21,300,283,face
D:/data/fddb/JPEGImages/2003/01/13/big/img_633.jpg,140,7,216,121,face
D:/data/fddb/JPEGImages/2002/08/09/big/img_224.jpg,192,30,266,128,face
D:/data/fddb/JPEGImages/2002/08/09/big/img_224.jpg,140,136,173,185,face
D:/data/fddb/JPEGImages/2002/07/24/big/img_454.jpg,181,34,306,214,face
D:/data/fddb/JPEGImages/2002/07/21/big/img_202.jpg,153,18,207,107,face
D:/data/fddb/JPEGImages/2002/07/21/big/img_202.jpg,225,27,269,115,face
D:/data/fddb/JPEGImages/2002/07/21/big/img_202.jpg,419,109,443,141,face
D:/data/fddb/JPEGImages/2002/07/21/big/img_202.jpg,36,38,63,79,face
D:/data/fddb/JPEGImages/2002/08/02/big/img_630.jpg,71,7,152,134,face
D:/data/fddb/JPEGImages/2002/08/02/big/img_630.jpg,265,118,350,242,face
D:/data/fddb/JPEGImages/2002/08/02/big/img_630.jpg,288,45,362,145,face
D:/data/fddb/JPEGImages/2002/08/30/big/img_18315.jpg,58,31,250,324,face
D:/data/fddb/JPEGImages/2002/07/19/big/img_491.jpg,54,34,246,329,face
D:/data/fddb/JPEGImages/2002/09/01/big/img_16456.jpg,104,22,224,205,face
D:/data/fddb/JPEGImages/2002/08/09/big/img_242.jpg,238,15,394,256,face
D:/data/fddb/JPEGImages/2002/08/09/big/img_242.jpg,0,107,82,304,face
D:/data/fddb/JPEGImages/2002/07/25/big/img_595.jpg,176,22,279,168,face
D:/data/fddb/JPEGImages/2002/07/25/big/img_595.jpg,118,0,201,106,face
D:/data/fddb/JPEGImages/2002/07/22/big/img_522.jpg,151,91,189,149,face
D:/data/fddb/JPEGImages/2002/07/22/big/img_522.jpg,0,107,85,262,face
D:/data/fddb/JPEGImages/2002/08/01/big/img_1593.jpg,110,55,212,222,face
D:/data/fddb/JPEGImages/2002/07/29/big/img_336.jpg,72,45,255,306,face
D:/data/fddb/JPEGImages/2002/08/15/big/img_448.jpg,102,235,225,419,face
D:/data/fddb/JPEGImages/2002/08/15/big/img_448.jpg,9,19,154,195,face
D:/data/fddb/JPEGImages/2002/08/15/big/img_448.jpg,134,102,273,264,face
D:/data/fddb/JPEGImages/2002/08/28/big/img_19281.jpg,100,76,207,250,face
D:/data/fddb/JPEGImages/2002/07/29/big/img_342.jpg,12,98,114,245,face
D:/data/fddb/JPEGImages/2002/07/29/big/img_342.jpg,137,22,215,145,face
D:/data/fddb/JPEGImages/2002/07/29/big/img_342.jpg,292,118,354,218,face
D:/data/fddb/JPEGImages/2002/07/29/big/img_342.jpg,370,18,431,116,face
D:/data/fddb/JPEGImages/2002/08/12/big/img_78.jpg,108,0,151,87,face
D:/data/fddb/JPEGImages/2002/08/12/big/img_78.jpg,79,164,135,263,face
D:/data/fddb/JPEGImages/2002/08/12/big/img_78.jpg,72,325,109,404,face
D:/data/fddb/JPEGImages/2002/08/12/big/img_78.jpg,214,155,260,238,face
D:/data/fddb/JPEGImages/2002/08/12/big/img_78.jpg,184,335,233,425,face
D:/data/fddb/JPEGImages/2002/08/12/big/img_78.jpg,231,0,274,73,face
D:/data/fddb/JPEGImages/2002/08/12/big/img_78.jpg,274,134,380,295,face
D:/data/fddb/JPEGImages/2002/08/12/big/img_78.jpg,347,0,399,88,face
D:/data/fddb/JPEGImages/2003/01/14/big/img_525.jpg,126,17,192,121,face
D:/data/fddb/JPEGImages/2003/01/14/big/img_525.jpg,299,37,366,134,face
D:/data/fddb/JPEGImages/2002/07/28/big/img_147.jpg,113,15,211,173,face
D:/data/fddb/JPEGImages/2002/08/11/big/img_353.jpg,129,15,196,139,face
D:/data/fddb/JPEGImages/2002/08/11/big/img_353.jpg,14,117,68,201,face
D:/data/fddb/JPEGImages/2002/08/11/big/img_353.jpg,3,55,53,131,face
D:/data/fddb/JPEGImages/2002/08/11/big/img_353.jpg,310,58,349,134,face
D:/data/fddb/JPEGImages/2002/08/22/big/img_513.jpg,95,20,304,362,face
D:/data/fddb/JPEGImages/2002/08/04/big/img_721.jpg,52,34,113,134,face
D:/data/fddb/JPEGImages/2002/08/04/big/img_721.jpg,304,47,365,146,face
D:/data/fddb/JPEGImages/2002/08/04/big/img_721.jpg,408,86,449,179,face
D:/data/fddb/JPEGImages/2002/08/17/big/img_247.jpg,88,23,193,184,face
D:/data/fddb/JPEGImages/2003/01/14/big/img_891.jpg,17,113,186,378,face
D:/data/fddb/JPEGImages/2003/01/14/big/img_891.jpg,95,0,335,316,face
D:/data/fddb/JPEGImages/2002/08/20/big/img_853.jpg,124,92,196,205,face
D:/data/fddb/JPEGImages/2002/08/20/big/img_853.jpg,303,113,370,206,face
D:/data/fddb/JPEGImages/2002/07/19/big/img_414.jpg,154,60,240,196,face
D:/data/fddb/JPEGImages/2002/07/19/big/img_414.jpg,73,14,172,166,face
D:/data/fddb/JPEGImages/2002/08/01/big/img_1530.jpg,102,33,244,269,face
D:/data/fddb/JPEGImages/2003/01/14/big/img_924.jpg,79,28,235,274,face
D:/data/fddb/JPEGImages/2002/08/22/big/img_468.jpg,136,18,257,205,face
D:/data/fddb/JPEGImages/2002/08/22/big/img_468.jpg,334,17,438,172,face
D:/data/fddb/JPEGImages/2002/08/18/big/img_354.jpg,87,264,149,364,face
D:/data/fddb/JPEGImages/2002/08/30/big/img_18193.jpg,97,22,187,167,face
D:/data/fddb/JPEGImages/2002/08/23/big/img_492.jpg,100,121,196,252,face
D:/data/fddb/JPEGImages/2002/08/15/big/img_871.jpg,48,61,82,116,face
D:/data/fddb/JPEGImages/2002/08/15/big/img_871.jpg,155,35,224,139,face
D:/data/fddb/JPEGImages/2002/08/15/big/img_871.jpg,221,96,238,120,face
D:/data/fddb/JPEGImages/2002/08/15/big/img_871.jpg,257,42,302,113,face
D:/data/fddb/JPEGImages/2002/08/15/big/img_871.jpg,332,74,369,127,face
D:/data/fddb/JPEGImages/2002/08/15/big/img_871.jpg,378,15,450,135,face
D:/data/fddb/JPEGImages/2002/08/12/big/img_494.jpg,65,7,236,267,face
D:/data/fddb/JPEGImages/2002/08/06/big/img_2470.jpg,67,13,176,175,face
D:/data/fddb/JPEGImages/2002/07/23/big/img_923.jpg,48,8,264,350,face
D:/data/fddb/JPEGImages/2002/08/26/big/img_155.jpg,158,15,251,154,face
D:/data/fddb/JPEGImages/2002/08/08/big/img_669.jpg,45,22,117,146,face
D:/data/fddb/JPEGImages/2002/08/08/big/img_669.jpg,187,56,267,166,face
D:/data/fddb/JPEGImages/2002/07/23/big/img_404.jpg,66,59,184,231,face
D:/data/fddb/JPEGImages/2002/07/23/big/img_404.jpg,214,20,386,234,face
D:/data/fddb/JPEGImages/2002/07/23/big/img_404.jpg,0,103,94,243,face
D:/data/fddb/JPEGImages/2002/07/23/big/img_404.jpg,230,163,301,263,face
D:/data/fddb/JPEGImages/2002/08/28/big/img_19421.jpg,95,22,285,311,face
D:/data/fddb/JPEGImages/2002/08/29/big/img_18993.jpg,42,39,257,363,face
D:/data/fddb/JPEGImages/2002/08/25/big/img_416.jpg,58,52,189,235,face
D:/data/fddb/JPEGImages/2003/01/17/big/img_434.jpg,101,0,184,123,face
D:/data/fddb/JPEGImages/2003/01/17/big/img_434.jpg,294,8,403,185,face
D:/data/fddb/JPEGImages/2002/07/29/big/img_1370.jpg,99,29,196,174,face
D:/data/fddb/JPEGImages/2002/07/28/big/img_483.jpg,85,47,152,142,face
D:/data/fddb/JPEGImages/2002/07/28/big/img_483.jpg,233,88,296,185,face
D:/data/fddb/JPEGImages/2002/08/11/big/img_50.jpg,56,56,158,203,face
D:/data/fddb/JPEGImages/2002/08/11/big/img_50.jpg,167,25,261,157,face
D:/data/fddb/JPEGImages/2002/08/11/big/img_50.jpg,18,67,74,149,face
D:/data/fddb/JPEGImages/2002/08/11/big/img_50.jpg,269,26,400,208,face
D:/data/fddb/JPEGImages/2002/08/10/big/img_404.jpg,28,14,241,356,face
D:/data/fddb/JPEGImages/2002/09/02/big/img_15057.jpg,205,20,277,119,face
D:/data/fddb/JPEGImages/2003/01/14/big/img_911.jpg,74,27,246,288,face
D:/data/fddb/JPEGImages/2002/09/01/big/img_16697.jpg,88,52,201,232,face
D:/data/fddb/JPEGImages/2003/01/16/big/img_665.jpg,194,101,244,182,face
D:/data/fddb/JPEGImages/2003/01/16/big/img_665.jpg,54,41,103,125,face
D:/data/fddb/JPEGImages/2002/09/01/big/img_16708.jpg,113,235,206,367,face
D:/data/fddb/JPEGImages/2002/08/22/big/img_612.jpg,22,0,243,294,face
D:/data/fddb/JPEGImages/2002/08/22/big/img_612.jpg,188,65,412,391,face
D:/data/fddb/JPEGImages/2002/08/28/big/img_19471.jpg,141,33,181,95,face
D:/data/fddb/JPEGImages/2002/08/28/big/img_19471.jpg,129,80,203,193,face
D:/data/fddb/JPEGImages/2002/08/28/big/img_19471.jpg,22,253,82,326,face
D:/data/fddb/JPEGImages/2002/08/28/big/img_19471.jpg,208,262,268,329,face
D:/data/fddb/JPEGImages/2002/08/02/big/img_198.jpg,100,41,166,155,face
D:/data/fddb/JPEGImages/2002/08/02/big/img_198.jpg,216,50,287,153,face
D:/data/fddb/JPEGImages/2002/08/02/big/img_198.jpg,331,50,391,137,face
D:/data/fddb/JPEGImages/2003/01/16/big/img_527.jpg,90,64,160,168,face
D:/data/fddb/JPEGImages/2002/08/22/big/img_209.jpg,78,25,213,253,face
D:/data/fddb/JPEGImages/2002/08/30/big/img_18205.jpg,81,55,179,200,face
D:/data/fddb/JPEGImages/2003/01/14/big/img_114.jpg,55,32,230,338,face
D:/data/fddb/JPEGImages/2003/01/14/big/img_1028.jpg,110,144,172,240,face
D:/data/fddb/JPEGImages/2003/01/16/big/img_894.jpg,85,18,180,168,face
D:/data/fddb/JPEGImages/2003/01/16/big/img_894.jpg,145,63,218,173,face
D:/data/fddb/JPEGImages/2003/01/14/big/img_837.jpg,20,38,229,318,face
D:/data/fddb/JPEGImages/2002/07/30/big/img_9.jpg,131,35,197,145,face
D:/data/fddb/JPEGImages/2002/07/30/big/img_9.jpg,285,26,349,127,face
D:/data/fddb/JPEGImages/2002/08/06/big/img_2821.jpg,77,6,278,324,face
D:/data/fddb/JPEGImages/2002/08/04/big/img_85.jpg,97,12,173,136,face
D:/data/fddb/JPEGImages/2003/01/13/big/img_884.jpg,108,94,205,229,face
D:/data/fddb/JPEGImages/2003/01/13/big/img_884.jpg,167,40,271,212,face
D:/data/fddb/JPEGImages/2003/01/13/big/img_884.jpg,0,60,77,205,face
D:/data/fddb/JPEGImages/2002/07/22/big/img_570.jpg,59,41,221,308,face
D:/data/fddb/JPEGImages/2002/08/07/big/img_1773.jpg,103,15,208,166,face
D:/data/fddb/JPEGImages/2002/07/26/big/img_208.jpg,98,60,154,153,face
D:/data/fddb/JPEGImages/2002/07/26/big/img_208.jpg,196,17,261,123,face
D:/data/fddb/JPEGImages/2002/07/26/big/img_208.jpg,311,28,380,134,face
D:/data/fddb/JPEGImages/2003/01/17/big/img_946.jpg,64,36,193,220,face
D:/data/fddb/JPEGImages/2002/07/19/big/img_930.jpg,42,64,247,373,face
D:/data/fddb/JPEGImages/2003/01/01/big/img_698.jpg,177,9,246,113,face
D:/data/fddb/JPEGImages/2003/01/17/big/img_612.jpg,152,19,258,181,face
D:/data/fddb/JPEGImages/2003/01/17/big/img_612.jpg,355,35,391,89,face
D:/data/fddb/JPEGImages/2002/07/19/big/img_372.jpg,147,42,206,141,face
D:/data/fddb/JPEGImages/2002/07/19/big/img_372.jpg,230,79,273,138,face
D:/data/fddb/JPEGImages/2002/07/30/big/img_721.jpg,234,120,292,202,face
D:/data/fddb/JPEGImages/2003/01/14/big/img_649.jpg,198,7,346,252,face
D:/data/fddb/JPEGImages/2002/08/19/big/img_4.jpg,76,145,264,423,face
D:/data/fddb/JPEGImages/2002/07/25/big/img_1024.jpg,73,30,270,302,face
D:/data/fddb/JPEGImages/2003/01/15/big/img_601.jpg,214,71,286,181,face
D:/data/fddb/JPEGImages/2003/01/15/big/img_601.jpg,165,63,230,171,face
D:/data/fddb/JPEGImages/2003/01/15/big/img_601.jpg,244,20,316,125,face
D:/data/fddb/JPEGImages/2002/08/30/big/img_18470.jpg,15,24,280,391,face
D:/data/fddb/JPEGImages/2002/07/22/big/img_29.jpg,96,24,167,131,face
D:/data/fddb/JPEGImages/2002/08/07/big/img_1686.jpg,66,41,236,325,face
D:/data/fddb/JPEGImages/2002/07/20/big/img_294.jpg,257,20,316,101,face
D:/data/fddb/JPEGImages/2002/08/14/big/img_800.jpg,191,20,333,219,face
D:/data/fddb/JPEGImages/2002/08/19/big/img_353.jpg,30,16,111,148,face
D:/data/fddb/JPEGImages/2002/08/19/big/img_353.jpg,169,16,252,151,face
D:/data/fddb/JPEGImages/2002/08/19/big/img_353.jpg,311,14,403,163,face
D:/data/fddb/JPEGImages/2002/08/19/big/img_353.jpg,35,204,123,352,face
D:/data/fddb/JPEGImages/2002/08/19/big/img_353.jpg,164,205,262,347,face
D:/data/fddb/JPEGImages/2002/08/19/big/img_350.jpg,27,15,109,148,face
D:/data/fddb/JPEGImages/2002/08/19/big/img_350.jpg,23,206,114,354,face
D:/data/fddb/JPEGImages/2002/08/19/big/img_350.jpg,178,9,256,146,face
D:/data/fddb/JPEGImages/2002/08/19/big/img_350.jpg,316,12,412,162,face
D:/data/fddb/JPEGImages/2002/08/19/big/img_350.jpg,179,192,275,341,face
D:/data/fddb/JPEGImages/2002/08/05/big/img_3392.jpg,88,37,249,265,face
D:/data/fddb/JPEGImages/2002/08/05/big/img_3392.jpg,258,16,359,159,face
D:/data/fddb/JPEGImages/2002/08/05/big/img_3392.jpg,235,69,300,169,face
D:/data/fddb/JPEGImages/2002/08/05/big/img_3392.jpg,1,147,48,220,face
D:/data/fddb/JPEGImages/2002/08/09/big/img_622.jpg,38,11,229,269,face
D:/data/fddb/JPEGImages/2003/01/15/big/img_236.jpg,91,14,189,153,face
D:/data/fddb/JPEGImages/2003/01/15/big/img_236.jpg,200,32,294,164,face
D:/data/fddb/JPEGImages/2002/08/11/big/img_643.jpg,255,22,350,179,face
D:/data/fddb/JPEGImages/2002/08/05/big/img_3458.jpg,110,56,214,217,face
D:/data/fddb/JPEGImages/2002/08/12/big/img_413.jpg,117,30,245,225,face
D:/data/fddb/JPEGImages/2002/08/12/big/img_413.jpg,58,0,138,126,face
D:/data/fddb/JPEGImages/2002/08/22/big/img_415.jpg,5,64,113,213,face
D:/data/fddb/JPEGImages/2002/08/22/big/img_415.jpg,262,27,402,220,face
D:/data/fddb/JPEGImages/2002/08/13/big/img_635.jpg,87,45,227,279,face
D:/data/fddb/JPEGImages/2002/08/07/big/img_1198.jpg,58,21,270,352,face
D:/data/fddb/JPEGImages/2002/08/04/big/img_873.jpg,75,138,229,374,face
D:/data/fddb/JPEGImages/2002/08/12/big/img_407.jpg,170,19,300,199,face
D:/data/fddb/JPEGImages/2003/01/15/big/img_346.jpg,184,95,344,342,face
D:/data/fddb/JPEGImages/2003/01/15/big/img_346.jpg,10,40,142,265,face
D:/data/fddb/JPEGImages/2002/08/02/big/img_275.jpg,26,76,282,419,face
D:/data/fddb/JPEGImages/2002/08/17/big/img_997.jpg,103,34,212,197,face
D:/data/fddb/JPEGImages/2002/08/21/big/img_958.jpg,49,13,174,190,face
D:/data/fddb/JPEGImages/2002/08/20/big/img_579.jpg,43,0,291,373,face
D:/data/fddb/JPEGImages/2002/07/29/big/img_142.jpg,35,51,109,156,face
D:/data/fddb/JPEGImages/2002/07/29/big/img_142.jpg,174,78,236,170,face
D:/data/fddb/JPEGImages/2002/07/29/big/img_142.jpg,337,11,411,112,face
D:/data/fddb/JPEGImages/2003/01/14/big/img_1115.jpg,121,179,202,300,face
D:/data/fddb/JPEGImages/2002/08/16/big/img_365.jpg,238,32,324,147,face
D:/data/fddb/JPEGImages/2002/07/29/big/img_1414.jpg,61,16,234,288,face
D:/data/fddb/JPEGImages/2002/08/17/big/img_489.jpg,32,17,100,137,face
D:/data/fddb/JPEGImages/2002/08/13/big/img_1010.jpg,106,22,195,152,face
D:/data/fddb/JPEGImages/2002/08/13/big/img_1010.jpg,188,33,279,172,face
D:/data/fddb/JPEGImages/2002/07/31/big/img_276.jpg,232,91,289,179,face
D:/data/fddb/JPEGImages/2002/07/31/big/img_276.jpg,168,154,200,204,face
D:/data/fddb/JPEGImages/2002/07/25/big/img_1000.jpg,166,36,243,148,face
D:/data/fddb/JPEGImages/2002/08/23/big/img_524.jpg,47,5,169,179,face
D:/data/fddb/JPEGImages/2002/08/23/big/img_524.jpg,207,15,311,162,face
D:/data/fddb/JPEGImages/2002/08/28/big/img_19147.jpg,164,19,251,156,face
D:/data/fddb/JPEGImages/2003/01/13/big/img_433.jpg,74,7,171,157,face
D:/data/fddb/JPEGImages/2003/01/13/big/img_433.jpg,254,0,344,113,face
D:/data/fddb/JPEGImages/2002/08/20/big/img_205.jpg,146,77,281,314,face
D:/data/fddb/JPEGImages/2003/01/01/big/img_458.jpg,70,40,255,326,face
D:/data/fddb/JPEGImages/2002/07/29/big/img_1449.jpg,61,52,214,300,face
D:/data/fddb/JPEGImages/2003/01/16/big/img_696.jpg,45,11,109,113,face
D:/data/fddb/JPEGImages/2003/01/16/big/img_696.jpg,119,41,206,170,face
D:/data/fddb/JPEGImages/2003/01/16/big/img_696.jpg,241,214,264,251,face
D:/data/fddb/JPEGImages/2003/01/16/big/img_696.jpg,287,172,309,219,face
D:/data/fddb/JPEGImages/2002/08/28/big/img_19296.jpg,0,97,45,175,face
D:/data/fddb/JPEGImages/2002/08/28/big/img_19296.jpg,71,8,182,171,face
D:/data/fddb/JPEGImages/2002/08/28/big/img_19296.jpg,302,19,398,169,face
D:/data/fddb/JPEGImages/2002/08/29/big/img_18688.jpg,172,54,270,180,face
D:/data/fddb/JPEGImages/2002/08/21/big/img_767.jpg,84,24,185,163,face
D:/data/fddb/JPEGImages/2002/08/20/big/img_532.jpg,113,101,193,221,face
D:/data/fddb/JPEGImages/2002/08/20/big/img_532.jpg,225,0,320,142,face
D:/data/fddb/JPEGImages/2002/08/20/big/img_532.jpg,354,114,367,133,face
D:/data/fddb/JPEGImages/2002/08/20/big/img_532.jpg,390,126,402,143,face
D:/data/fddb/JPEGImages/2002/08/20/big/img_532.jpg,406,116,417,133,face
D:/data/fddb/JPEGImages/2002/08/20/big/img_532.jpg,432,114,447,137,face
D:/data/fddb/JPEGImages/2002/08/20/big/img_532.jpg,4,98,29,138,face
D:/data/fddb/JPEGImages/2002/08/20/big/img_532.jpg,26,103,46,136,face
D:/data/fddb/JPEGImages/2002/08/26/big/img_187.jpg,178,12,284,169,face
D:/data/fddb/JPEGImages/2002/07/26/big/img_183.jpg,238,26,362,218,face
D:/data/fddb/JPEGImages/2002/07/26/big/img_183.jpg,56,12,196,217,face
D:/data/fddb/JPEGImages/2002/07/27/big/img_890.jpg,158,50,220,136,face
D:/data/fddb/JPEGImages/2002/07/27/big/img_890.jpg,335,53,397,157,face
D:/data/fddb/JPEGImages/2003/01/13/big/img_576.jpg,34,52,226,320,face
D:/data/fddb/JPEGImages/2002/07/30/big/img_15.jpg,195,26,262,129,face
D:/data/fddb/JPEGImages/2002/07/31/big/img_889.jpg,153,155,274,340,face
D:/data/fddb/JPEGImages/2002/07/31/big/img_889.jpg,167,54,256,186,face
D:/data/fddb/JPEGImages/2002/07/31/big/img_889.jpg,237,37,303,128,face
D:/data/fddb/JPEGImages/2002/08/31/big/img_17759.jpg,150,41,233,136,face
D:/data/fddb/JPEGImages/2003/01/14/big/img_1114.jpg,145,13,240,162,face
D:/data/fddb/JPEGImages/2002/07/19/big/img_445.jpg,83,29,176,188,face
D:/data/fddb/JPEGImages/2002/08/03/big/img_593.jpg,208,46,293,192,face
D:/data/fddb/JPEGImages/2002/07/24/big/img_750.jpg,108,11,278,277,face
D:/data/fddb/JPEGImages/2002/07/30/big/img_133.jpg,60,14,105,96,face
D:/data/fddb/JPEGImages/2002/07/30/big/img_133.jpg,204,62,266,158,face
D:/data/fddb/JPEGImages/2002/07/30/big/img_133.jpg,279,11,337,103,face
D:/data/fddb/JPEGImages/2002/08/25/big/img_671.jpg,117,10,205,157,face
D:/data/fddb/JPEGImages/2002/08/25/big/img_671.jpg,214,63,251,121,face
D:/data/fddb/JPEGImages/2002/08/25/big/img_671.jpg,33,86,89,167,face
D:/data/fddb/JPEGImages/2002/07/20/big/img_351.jpg,117,54,223,197,face
D:/data/fddb/JPEGImages/2002/08/31/big/img_17276.jpg,87,18,193,188,face
D:/data/fddb/JPEGImages/2002/08/05/big/img_3231.jpg,120,20,260,242,face
D:/data/fddb/JPEGImages/2002/09/02/big/img_15882.jpg,68,14,250,283,face
D:/data/fddb/JPEGImages/2002/08/14/big/img_115.jpg,105,22,167,138,face
D:/data/fddb/JPEGImages/2002/08/02/big/img_1148.jpg,113,39,250,255,face
D:/data/fddb/JPEGImages/2002/07/25/big/img_936.jpg,108,201,225,350,face
D:/data/fddb/JPEGImages/2002/07/25/big/img_936.jpg,173,0,255,109,face
D:/data/fddb/JPEGImages/2002/07/31/big/img_639.jpg,79,65,145,162,face
D:/data/fddb/JPEGImages/2002/07/31/big/img_639.jpg,208,44,271,137,face
D:/data/fddb/JPEGImages/2002/07/31/big/img_639.jpg,306,72,364,162,face
D:/data/fddb/JPEGImages/2002/08/04/big/img_427.jpg,87,103,151,197,face
D:/data/fddb/JPEGImages/2002/08/04/big/img_427.jpg,258,114,320,207,face
D:/data/fddb/JPEGImages/2002/08/22/big/img_843.jpg,109,21,202,165,face
D:/data/fddb/JPEGImages/2003/01/17/big/img_17.jpg,56,24,251,330,face
D:/data/fddb/JPEGImages/2003/01/17/big/img_17.jpg,282,146,313,217,face
D:/data/fddb/JPEGImages/2003/01/13/big/img_690.jpg,220,23,354,218,face
D:/data/fddb/JPEGImages/2002/08/13/big/img_472.jpg,89,25,297,320,face
D:/data/fddb/JPEGImages/2002/08/13/big/img_472.jpg,271,34,434,255,face
D:/data/fddb/JPEGImages/2002/08/09/big/img_425.jpg,114,68,214,224,face
D:/data/fddb/JPEGImages/2002/08/09/big/img_425.jpg,193,31,289,197,face
D:/data/fddb/JPEGImages/2002/08/05/big/img_3450.jpg,75,110,142,202,face
D:/data/fddb/JPEGImages/2002/08/05/big/img_3450.jpg,198,17,289,150,face
D:/data/fddb/JPEGImages/2003/01/17/big/img_439.jpg,108,50,186,184,face
D:/data/fddb/JPEGImages/2002/08/13/big/img_539.jpg,132,17,216,144,face
D:/data/fddb/JPEGImages/2002/08/13/big/img_539.jpg,197,34,267,138,face
D:/data/fddb/JPEGImages/2002/08/13/big/img_539.jpg,320,48,392,149,face
D:/data/fddb/JPEGImages/2002/07/28/big/img_35.jpg,121,29,240,205,face
D:/data/fddb/JPEGImages/2002/08/16/big/img_241.jpg,74,48,253,337,face
D:/data/fddb/JPEGImages/2002/08/16/big/img_241.jpg,237,0,341,209,face
D:/data/fddb/JPEGImages/2002/08/06/big/img_2898.jpg,53,33,253,333,face
D:/data/fddb/JPEGImages/2003/01/16/big/img_429.jpg,193,36,337,243,face
D:/data/fddb/JPEGImages/2003/01/16/big/img_429.jpg,109,201,150,263,face
D:/data/fddb/JPEGImages/2003/01/16/big/img_429.jpg,176,150,231,227,face
D:/data/fddb/JPEGImages/2002/08/05/big/img_3817.jpg,119,19,209,169,face
D:/data/fddb/JPEGImages/2002/08/27/big/img_19919.jpg,51,27,114,119,face
D:/data/fddb/JPEGImages/2002/08/27/big/img_19919.jpg,197,40,258,135,face
D:/data/fddb/JPEGImages/2002/08/27/big/img_19919.jpg,348,32,410,128,face
D:/data/fddb/JPEGImages/2002/07/19/big/img_422.jpg,273,31,415,240,face
D:/data/fddb/JPEGImages/2002/07/19/big/img_422.jpg,89,9,142,81,face
D:/data/fddb/JPEGImages/2002/08/15/big/img_560.jpg,112,180,189,287,face
D:/data/fddb/JPEGImages/2002/08/15/big/img_560.jpg,5,18,98,134,face
D:/data/fddb/JPEGImages/2002/08/15/big/img_560.jpg,95,74,179,177,face
D:/data/fddb/JPEGImages/2002/08/15/big/img_560.jpg,163,130,245,248,face
D:/data/fddb/JPEGImages/2002/08/15/big/img_560.jpg,277,123,363,251,face
D:/data/fddb/JPEGImages/2002/07/23/big/img_750.jpg,54,8,255,353,face
D:/data/fddb/JPEGImages/2002/07/30/big/img_353.jpg,78,59,211,275,face
D:/data/fddb/JPEGImages/2002/08/05/big/img_43.jpg,83,29,230,270,face
D:/data/fddb/JPEGImages/2002/08/23/big/img_305.jpg,141,33,242,181,face
D:/data/fddb/JPEGImages/2002/08/23/big/img_305.jpg,275,27,374,174,face
D:/data/fddb/JPEGImages/2002/08/01/big/img_2137.jpg,98,30,199,194,face
D:/data/fddb/JPEGImages/2002/08/30/big/img_18097.jpg,54,0,106,40,face
D:/data/fddb/JPEGImages/2002/08/30/big/img_18097.jpg,164,0,211,46,face
D:/data/fddb/JPEGImages/2002/08/30/big/img_18097.jpg,124,27,187,135,face
D:/data/fddb/JPEGImages/2002/08/01/big/img_1389.jpg,22,243,107,375,face
D:/data/fddb/JPEGImages/2002/08/01/big/img_1389.jpg,177,160,254,280,face
D:/data/fddb/JPEGImages/2002/08/01/big/img_1389.jpg,293,33,329,86,face
D:/data/fddb/JPEGImages/2002/08/01/big/img_1389.jpg,291,179,323,236,face
D:/data/fddb/JPEGImages/2002/08/01/big/img_1389.jpg,292,310,328,367,face
D:/data/fddb/JPEGImages/2002/08/02/big/img_308.jpg,122,132,195,234,face
D:/data/fddb/JPEGImages/2003/01/14/big/img_652.jpg,120,23,208,162,face
D:/data/fddb/JPEGImages/2003/01/14/big/img_652.jpg,250,65,319,168,face
D:/data/fddb/JPEGImages/2002/08/01/big/img_1798.jpg,97,127,162,228,face
D:/data/fddb/JPEGImages/2002/08/01/big/img_1798.jpg,277,92,359,222,face
D:/data/fddb/JPEGImages/2003/01/14/big/img_732.jpg,99,16,189,141,face
D:/data/fddb/JPEGImages/2003/01/16/big/img_294.jpg,47,41,108,144,face
D:/data/fddb/JPEGImages/2003/01/16/big/img_294.jpg,165,33,226,119,face
D:/data/fddb/JPEGImages/2003/01/16/big/img_294.jpg,3,139,47,199,face
D:/data/fddb/JPEGImages/2002/08/26/big/img_213.jpg,11,210,46,265,face
D:/data/fddb/JPEGImages/2002/08/26/big/img_213.jpg,64,157,97,200,face
D:/data/fddb/JPEGImages/2002/08/26/big/img_213.jpg,204,177,231,218,face
D:/data/fddb/JPEGImages/2002/08/26/big/img_213.jpg,123,99,198,231,face
D:/data/fddb/JPEGImages/2002/07/24/big/img_842.jpg,75,25,250,287,face
D:/data/fddb/JPEGImages/2003/01/13/big/img_630.jpg,125,67,251,259,face
D:/data/fddb/JPEGImages/2003/01/13/big/img_634.jpg,224,92,310,214,face
D:/data/fddb/JPEGImages/2002/08/06/big/img_2285.jpg,85,43,213,274,face
D:/data/fddb/JPEGImages/2002/08/01/big/img_2162.jpg,186,47,258,161,face
D:/data/fddb/JPEGImages/2002/08/30/big/img_18134.jpg,134,16,217,149,face
D:/data/fddb/JPEGImages/2002/08/02/big/img_1045.jpg,166,32,265,183,face
D:/data/fddb/JPEGImages/2002/08/02/big/img_1045.jpg,14,12,65,93,face
D:/data/fddb/JPEGImages/2002/08/02/big/img_1045.jpg,67,0,81,19,face
D:/data/fddb/JPEGImages/2002/08/01/big/img_2143.jpg,34,50,116,183,face
D:/data/fddb/JPEGImages/2002/08/01/big/img_2143.jpg,154,21,287,204,face
D:/data/fddb/JPEGImages/2002/08/01/big/img_2143.jpg,329,53,411,170,face
D:/data/fddb/JPEGImages/2002/07/25/big/img_135.jpg,69,29,284,379,face
D:/data/fddb/JPEGImages/2002/07/20/big/img_645.jpg,50,32,191,239,face
D:/data/fddb/JPEGImages/2002/07/20/big/img_645.jpg,188,63,285,199,face
D:/data/fddb/JPEGImages/2002/08/05/big/img_3666.jpg,68,27,141,149,face
D:/data/fddb/JPEGImages/2002/08/05/big/img_3666.jpg,186,74,239,157,face
D:/data/fddb/JPEGImages/2002/08/05/big/img_3666.jpg,68,197,158,316,face
D:/data/fddb/JPEGImages/2002/08/05/big/img_3666.jpg,249,90,307,186,face
D:/data/fddb/JPEGImages/2002/08/05/big/img_3666.jpg,302,20,348,101,face
D:/data/fddb/JPEGImages/2002/08/05/big/img_3666.jpg,277,17,316,77,face
D:/data/fddb/JPEGImages/2002/08/05/big/img_3666.jpg,1,23,22,54,face
D:/data/fddb/JPEGImages/2002/08/05/big/img_3666.jpg,33,14,53,43,face
D:/data/fddb/JPEGImages/2002/08/05/big/img_3666.jpg,47,27,66,53,face
D:/data/fddb/JPEGImages/2002/08/05/big/img_3666.jpg,49,54,78,97,face
D:/data/fddb/JPEGImages/2002/08/05/big/img_3666.jpg,140,49,165,88,face
D:/data/fddb/JPEGImages/2002/08/05/big/img_3666.jpg,3,83,68,184,face
D:/data/fddb/JPEGImages/2002/08/05/big/img_3666.jpg,240,32,264,62,face
D:/data/fddb/JPEGImages/2002/08/05/big/img_3666.jpg,240,53,262,82,face
D:/data/fddb/JPEGImages/2002/08/05/big/img_3666.jpg,397,28,427,74,face
D:/data/fddb/JPEGImages/2002/08/14/big/img_523.jpg,151,14,217,113,face
D:/data/fddb/JPEGImages/2002/08/14/big/img_523.jpg,340,12,409,124,face
D:/data/fddb/JPEGImages/2002/08/04/big/img_425.jpg,42,26,250,349,face
D:/data/fddb/JPEGImages/2003/01/14/big/img_137.jpg,60,48,216,307,face
D:/data/fddb/JPEGImages/2003/01/01/big/img_176.jpg,123,19,192,133,face
D:/data/fddb/JPEGImages/2002/08/15/big/img_505.jpg,143,6,222,131,face
D:/data/fddb/JPEGImages/2002/08/24/big/img_386.jpg,32,6,211,270,face
D:/data/fddb/JPEGImages/2002/08/24/big/img_386.jpg,235,0,442,196,face
D:/data/fddb/JPEGImages/2002/08/05/big/img_3187.jpg,136,15,221,130,face
D:/data/fddb/JPEGImages/2002/08/05/big/img_3187.jpg,219,64,302,189,face
D:/data/fddb/JPEGImages/2002/08/15/big/img_419.jpg,118,20,238,202,face
D:/data/fddb/JPEGImages/2003/01/13/big/img_520.jpg,167,24,244,136,face
D:/data/fddb/JPEGImages/2003/01/13/big/img_520.jpg,0,55,26,107,face
D:/data/fddb/JPEGImages/2003/01/13/big/img_520.jpg,91,14,124,58,face
D:/data/fddb/JPEGImages/2002/08/04/big/img_444.jpg,139,53,226,198,face
D:/data/fddb/JPEGImages/2002/08/04/big/img_444.jpg,0,210,35,280,face
D:/data/fddb/JPEGImages/2002/08/26/big/img_483.jpg,96,32,227,233,face
D:/data/fddb/JPEGImages/2002/08/26/big/img_483.jpg,255,39,362,215,face
D:/data/fddb/JPEGImages/2002/08/05/big/img_3449.jpg,36,31,269,348,face
D:/data/fddb/JPEGImages/2002/08/30/big/img_18409.jpg,136,28,217,147,face
D:/data/fddb/JPEGImages/2002/08/28/big/img_19455.jpg,23,43,154,235,face
D:/data/fddb/JPEGImages/2002/08/28/big/img_19455.jpg,185,30,328,235,face
D:/data/fddb/JPEGImages/2002/08/27/big/img_20090.jpg,285,54,362,182,face
D:/data/fddb/JPEGImages/2002/07/23/big/img_625.jpg,122,22,212,182,face
D:/data/fddb/JPEGImages/2002/07/23/big/img_625.jpg,0,220,28,303,face
D:/data/fddb/JPEGImages/2002/07/23/big/img_625.jpg,423,231,450,303,face
D:/data/fddb/JPEGImages/2002/08/24/big/img_205.jpg,240,38,335,185,face
D:/data/fddb/JPEGImages/2002/08/08/big/img_938.jpg,45,31,254,346,face
D:/data/fddb/JPEGImages/2003/01/13/big/img_527.jpg,21,12,177,219,face
D:/data/fddb/JPEGImages/2003/01/13/big/img_527.jpg,175,50,290,209,face
D:/data/fddb/JPEGImages/2002/08/07/big/img_1712.jpg,60,25,192,234,face
D:/data/fddb/JPEGImages/2002/07/24/big/img_801.jpg,234,1,341,175,face
D:/data/fddb/JPEGImages/2002/08/09/big/img_579.jpg,63,28,225,280,face
D:/data/fddb/JPEGImages/2003/01/14/big/img_41.jpg,44,64,72,105,face
D:/data/fddb/JPEGImages/2003/01/14/big/img_41.jpg,86,13,170,141,face
D:/data/fddb/JPEGImages/2003/01/14/big/img_41.jpg,219,72,309,207,face
D:/data/fddb/JPEGImages/2003/01/15/big/img_1130.jpg,116,145,215,302,face
D:/data/fddb/JPEGImages/2003/01/15/big/img_1130.jpg,0,0,239,283,face
D:/data/fddb/JPEGImages/2002/07/21/big/img_672.jpg,199,40,283,180,face
D:/data/fddb/JPEGImages/2002/08/07/big/img_1590.jpg,173,78,292,274,face
D:/data/fddb/JPEGImages/2003/01/01/big/img_532.jpg,110,5,192,145,face
D:/data/fddb/JPEGImages/2003/01/01/big/img_532.jpg,195,66,255,157,face
D:/data/fddb/JPEGImages/2003/01/01/big/img_532.jpg,266,96,359,233,face
D:/data/fddb/JPEGImages/2003/01/01/big/img_532.jpg,358,91,410,183,face
D:/data/fddb/JPEGImages/2002/08/02/big/img_529.jpg,29,0,281,358,face
D:/data/fddb/JPEGImages/2002/08/05/big/img_3591.jpg,82,88,234,306,face
D:/data/fddb/JPEGImages/2002/08/23/big/img_5.jpg,57,179,178,348,face
D:/data/fddb/JPEGImages/2003/01/14/big/img_882.jpg,90,49,152,146,face
D:/data/fddb/JPEGImages/2003/01/14/big/img_882.jpg,36,1,90,79,face
D:/data/fddb/JPEGImages/2003/01/14/big/img_882.jpg,183,10,243,92,face
D:/data/fddb/JPEGImages/2002/08/28/big/img_19234.jpg,170,90,252,212,face
D:/data/fddb/JPEGImages/2002/08/28/big/img_19234.jpg,0,167,37,228,face
D:/data/fddb/JPEGImages/2002/08/28/big/img_19234.jpg,3,85,36,133,face
D:/data/fddb/JPEGImages/2002/08/28/big/img_19234.jpg,10,130,43,179,face
D:/data/fddb/JPEGImages/2002/08/28/big/img_19234.jpg,110,72,147,122,face
D:/data/fddb/JPEGImages/2002/08/28/big/img_19234.jpg,214,48,254,105,face
D:/data/fddb/JPEGImages/2002/08/28/big/img_19234.jpg,330,201,363,251,face
D:/data/fddb/JPEGImages/2002/08/28/big/img_19234.jpg,241,191,271,240,face
D:/data/fddb/JPEGImages/2002/07/24/big/img_398.jpg,41,20,216,296,face
D:/data/fddb/JPEGImages/2003/01/14/big/img_592.jpg,63,17,225,262,face
D:/data/fddb/JPEGImages/2002/08/22/big/img_548.jpg,80,25,161,158,face
D:/data/fddb/JPEGImages/2002/08/12/big/img_761.jpg,67,99,170,232,face
D:/data/fddb/JPEGImages/2002/08/12/big/img_761.jpg,62,0,148,131,face
D:/data/fddb/JPEGImages/2002/08/12/big/img_761.jpg,170,14,259,152,face
D:/data/fddb/JPEGImages/2002/08/12/big/img_761.jpg,344,11,432,137,face
D:/data/fddb/JPEGImages/2003/01/16/big/img_497.jpg,23,86,64,153,face
D:/data/fddb/JPEGImages/2003/01/16/big/img_497.jpg,98,78,141,148,face
D:/data/fddb/JPEGImages/2003/01/16/big/img_497.jpg,171,38,218,113,face
D:/data/fddb/JPEGImages/2003/01/16/big/img_497.jpg,287,19,336,97,face
D:/data/fddb/JPEGImages/2002/08/18/big/img_133.jpg,138,71,241,240,face
D:/data/fddb/JPEGImages/2002/08/08/big/img_874.jpg,25,34,140,189,face
D:/data/fddb/JPEGImages/2002/08/08/big/img_874.jpg,217,52,301,177,face
D:/data/fddb/JPEGImages/2002/08/08/big/img_874.jpg,328,50,356,159,face
D:/data/fddb/JPEGImages/2002/07/19/big/img_247.jpg,85,39,217,224,face
D:/data/fddb/JPEGImages/2002/07/19/big/img_247.jpg,247,148,294,273,face
D:/data/fddb/JPEGImages/2002/08/15/big/img_170.jpg,155,15,337,297,face
D:/data/fddb/JPEGImages/2002/08/27/big/img_19679.jpg,124,94,226,253,face
D:/data/fddb/JPEGImages/2002/08/20/big/img_246.jpg,92,26,171,151,face
D:/data/fddb/JPEGImages/2002/08/24/big/img_358.jpg,105,22,188,155,face
D:/data/fddb/JPEGImages/2002/07/29/big/img_599.jpg,71,53,270,358,face
D:/data/fddb/JPEGImages/2002/08/01/big/img_1555.jpg,131,24,218,169,face
D:/data/fddb/JPEGImages/2002/07/30/big/img_491.jpg,64,51,201,255,face
D:/data/fddb/JPEGImages/2002/07/30/big/img_371.jpg,72,0,280,310,face
D:/data/fddb/JPEGImages/2003/01/16/big/img_682.jpg,88,34,195,206,face
D:/data/fddb/JPEGImages/2002/07/25/big/img_619.jpg,183,33,272,157,face
D:/data/fddb/JPEGImages/2003/01/15/big/img_587.jpg,142,32,245,186,face
D:/data/fddb/JPEGImages/2002/08/02/big/img_1212.jpg,209,42,276,141,face
D:/data/fddb/JPEGImages/2002/08/01/big/img_2152.jpg,87,21,171,136,face
D:/data/fddb/JPEGImages/2002/08/01/big/img_2152.jpg,255,14,327,134,face
D:/data/fddb/JPEGImages/2002/08/01/big/img_2152.jpg,387,75,421,126,face
D:/data/fddb/JPEGImages/2002/07/25/big/img_668.jpg,139,23,220,157,face
D:/data/fddb/JPEGImages/2003/01/16/big/img_574.jpg,117,82,204,224,face
D:/data/fddb/JPEGImages/2003/01/16/big/img_574.jpg,309,152,373,247,face
D:/data/fddb/JPEGImages/2003/01/16/big/img_574.jpg,0,108,44,199,face
D:/data/fddb/JPEGImages/2003/01/16/big/img_574.jpg,103,10,151,86,face
D:/data/fddb/JPEGImages/2002/08/28/big/img_19464.jpg,68,13,135,111,face
D:/data/fddb/JPEGImages/2002/08/28/big/img_19464.jpg,221,72,285,166,face
D:/data/fddb/JPEGImages/2002/08/28/big/img_19464.jpg,375,69,435,161,face
D:/data/fddb/JPEGImages/2002/08/11/big/img_536.jpg,49,107,105,196,face
D:/data/fddb/JPEGImages/2002/08/11/big/img_536.jpg,291,73,355,167,face
D:/data/fddb/JPEGImages/2002/07/24/big/img_201.jpg,152,18,263,182,face
D:/data/fddb/JPEGImages/2002/08/05/big/img_3488.jpg,163,63,259,221,face
D:/data/fddb/JPEGImages/2002/07/25/big/img_887.jpg,58,15,266,364,face
D:/data/fddb/JPEGImages/2002/07/22/big/img_789.jpg,99,70,187,204,face
D:/data/fddb/JPEGImages/2002/07/22/big/img_789.jpg,252,27,343,149,face
D:/data/fddb/JPEGImages/2002/07/30/big/img_432.jpg,136,45,217,181,face
D:/data/fddb/JPEGImages/2002/08/16/big/img_166.jpg,68,38,149,162,face
D:/data/fddb/JPEGImages/2002/09/01/big/img_16333.jpg,119,254,203,379,face
D:/data/fddb/JPEGImages/2002/07/26/big/img_1010.jpg,0,81,85,211,face
D:/data/fddb/JPEGImages/2002/07/26/big/img_1010.jpg,84,35,128,96,face
D:/data/fddb/JPEGImages/2002/07/26/big/img_1010.jpg,148,39,198,116,face
D:/data/fddb/JPEGImages/2002/07/26/big/img_1010.jpg,273,87,383,254,face
D:/data/fddb/JPEGImages/2002/07/26/big/img_1010.jpg,233,49,265,95,face
D:/data/fddb/JPEGImages/2002/07/26/big/img_1010.jpg,281,52,314,96,face
D:/data/fddb/JPEGImages/2002/07/26/big/img_1010.jpg,275,19,302,54,face
D:/data/fddb/JPEGImages/2002/07/26/big/img_1010.jpg,310,21,331,51,face
D:/data/fddb/JPEGImages/2002/07/26/big/img_1010.jpg,324,16,357,58,face
D:/data/fddb/JPEGImages/2002/07/26/big/img_1010.jpg,372,60,440,160,face
D:/data/fddb/JPEGImages/2002/07/26/big/img_1010.jpg,364,6,386,35,face
D:/data/fddb/JPEGImages/2002/07/26/big/img_1010.jpg,390,22,416,56,face
D:/data/fddb/JPEGImages/2002/07/26/big/img_1010.jpg,334,2,354,28,face
D:/data/fddb/JPEGImages/2002/07/21/big/img_793.jpg,64,24,212,265,face
D:/data/fddb/JPEGImages/2002/07/22/big/img_720.jpg,214,45,298,178,face
D:/data/fddb/JPEGImages/2002/07/31/big/img_337.jpg,90,20,250,229,face
D:/data/fddb/JPEGImages/2002/07/27/big/img_185.jpg,82,170,142,268,face
D:/data/fddb/JPEGImages/2002/07/27/big/img_185.jpg,227,79,287,172,face
D:/data/fddb/JPEGImages/2002/07/27/big/img_185.jpg,147,30,206,111,face
D:/data/fddb/JPEGImages/2002/08/23/big/img_440.jpg,99,44,183,172,face
D:/data/fddb/JPEGImages/2002/08/23/big/img_440.jpg,196,34,281,154,face
D:/data/fddb/JPEGImages/2002/07/31/big/img_801.jpg,13,19,103,159,face
D:/data/fddb/JPEGImages/2002/07/31/big/img_801.jpg,138,27,240,192,face
D:/data/fddb/JPEGImages/2002/07/31/big/img_801.jpg,256,60,342,190,face
D:/data/fddb/JPEGImages/2002/07/25/big/img_478.jpg,32,5,272,389,face
D:/data/fddb/JPEGImages/2003/01/14/big/img_171.jpg,156,3,284,197,face
D:/data/fddb/JPEGImages/2003/01/14/big/img_171.jpg,84,57,180,198,face
D:/data/fddb/JPEGImages/2002/08/07/big/img_1054.jpg,113,156,186,272,face
D:/data/fddb/JPEGImages/2002/09/02/big/img_15659.jpg,58,12,127,127,face
D:/data/fddb/JPEGImages/2002/09/02/big/img_15659.jpg,177,52,258,165,face
D:/data/fddb/JPEGImages/2002/09/02/big/img_15659.jpg,312,31,389,146,face
D:/data/fddb/JPEGImages/2002/09/02/big/img_15659.jpg,153,52,230,171,face
D:/data/fddb/JPEGImages/2002/07/29/big/img_1348.jpg,135,241,248,381,face
D:/data/fddb/JPEGImages/2002/07/29/big/img_1348.jpg,80,6,174,143,face
D:/data/fddb/JPEGImages/2002/07/29/big/img_1348.jpg,12,0,90,74,face
D:/data/fddb/JPEGImages/2002/08/09/big/img_337.jpg,37,161,143,305,face
D:/data/fddb/JPEGImages/2002/08/09/big/img_337.jpg,116,20,252,202,face
D:/data/fddb/JPEGImages/2002/08/26/big/img_684.jpg,55,17,134,148,face
D:/data/fddb/JPEGImages/2002/08/26/big/img_684.jpg,198,25,277,150,face
D:/data/fddb/JPEGImages/2002/08/26/big/img_684.jpg,348,17,421,134,face
D:/data/fddb/JPEGImages/2002/07/31/big/img_537.jpg,93,60,193,233,face
D:/data/fddb/JPEGImages/2002/08/15/big/img_808.jpg,38,131,134,256,face
D:/data/fddb/JPEGImages/2002/08/15/big/img_808.jpg,275,33,374,166,face
D:/data/fddb/JPEGImages/2003/01/13/big/img_740.jpg,104,73,216,244,face
D:/data/fddb/JPEGImages/2002/08/07/big/img_1667.jpg,87,39,172,173,face
D:/data/fddb/JPEGImages/2002/08/03/big/img_404.jpg,146,39,244,188,face
D:/data/fddb/JPEGImages/2002/08/06/big/img_2520.jpg,7,7,53,82,face
D:/data/fddb/JPEGImages/2002/08/06/big/img_2520.jpg,138,3,181,67,face
D:/data/fddb/JPEGImages/2002/08/06/big/img_2520.jpg,206,20,254,92,face
D:/data/fddb/JPEGImages/2002/08/06/big/img_2520.jpg,276,5,318,72,face
D:/data/fddb/JPEGImages/2002/08/06/big/img_2520.jpg,345,5,389,70,face
D:/data/fddb/JPEGImages/2002/08/06/big/img_2520.jpg,240,99,313,211,face
D:/data/fddb/JPEGImages/2002/08/06/big/img_2520.jpg,318,102,395,219,face
D:/data/fddb/JPEGImages/2002/08/06/big/img_2520.jpg,338,174,427,297,face
D:/data/fddb/JPEGImages/2002/08/06/big/img_2520.jpg,70,51,139,151,face
D:/data/fddb/JPEGImages/2002/08/06/big/img_2520.jpg,425,108,450,187,face
D:/data/fddb/JPEGImages/2002/07/19/big/img_230.jpg,49,63,252,359,face
D:/data/fddb/JPEGImages/2002/07/19/big/img_356.jpg,163,0,247,114,face
D:/data/fddb/JPEGImages/2002/07/19/big/img_356.jpg,75,142,163,294,face
D:/data/fddb/JPEGImages/2003/01/16/big/img_627.jpg,0,0,377,450,face
D:/data/fddb/JPEGImages/2002/08/04/big/img_474.jpg,74,0,170,133,face
D:/data/fddb/JPEGImages/2002/08/04/big/img_474.jpg,296,9,383,139,face
D:/data/fddb/JPEGImages/2002/07/29/big/img_833.jpg,0,53,26,113,face
D:/data/fddb/JPEGImages/2002/07/29/big/img_833.jpg,55,28,147,162,face
D:/data/fddb/JPEGImages/2002/07/29/big/img_833.jpg,141,117,202,219,face
D:/data/fddb/JPEGImages/2002/07/29/big/img_833.jpg,219,151,290,262,face
D:/data/fddb/JPEGImages/2002/07/29/big/img_833.jpg,162,17,204,85,face
D:/data/fddb/JPEGImages/2002/07/29/big/img_833.jpg,233,58,289,145,face
D:/data/fddb/JPEGImages/2002/07/29/big/img_833.jpg,282,0,329,44,face
D:/data/fddb/JPEGImages/2002/07/25/big/img_176.jpg,101,16,193,170,face
D:/data/fddb/JPEGImages/2002/08/01/big/img_1684.jpg,114,12,178,110,face
D:/data/fddb/JPEGImages/2002/08/21/big/img_643.jpg,118,111,177,205,face
D:/data/fddb/JPEGImages/2002/08/21/big/img_643.jpg,259,123,325,223,face
D:/data/fddb/JPEGImages/2002/08/27/big/img_19673.jpg,99,20,235,224,face
D:/data/fddb/JPEGImages/2002/08/02/big/img_838.jpg,23,26,104,144,face
D:/data/fddb/JPEGImages/2002/08/02/big/img_838.jpg,67,94,158,229,face
D:/data/fddb/JPEGImages/2002/08/02/big/img_838.jpg,151,96,244,235,face
D:/data/fddb/JPEGImages/2002/08/02/big/img_838.jpg,339,6,427,149,face
D:/data/fddb/JPEGImages/2002/08/02/big/img_838.jpg,203,10,288,128,face
D:/data/fddb/JPEGImages/2002/08/02/big/img_838.jpg,84,0,159,60,face
D:/data/fddb/JPEGImages/2002/08/02/big/img_838.jpg,257,0,336,63,face
D:/data/fddb/JPEGImages/2002/08/06/big/img_2378.jpg,123,52,199,148,face
D:/data/fddb/JPEGImages/2002/08/06/big/img_2378.jpg,332,59,403,166,face
D:/data/fddb/JPEGImages/2002/08/06/big/img_2378.jpg,394,123,450,206,face
D:/data/fddb/JPEGImages/2003/01/15/big/img_48.jpg,178,14,310,201,face
D:/data/fddb/JPEGImages/2002/07/30/big/img_470.jpg,39,21,226,309,face
D:/data/fddb/JPEGImages/2002/08/15/big/img_963.jpg,133,20,217,159,face
D:/data/fddb/JPEGImages/2002/08/15/big/img_963.jpg,283,30,363,171,face
D:/data/fddb/JPEGImages/2002/08/24/big/img_444.jpg,89,52,256,294,face
D:/data/fddb/JPEGImages/2002/08/24/big/img_444.jpg,20,152,61,210,face
D:/data/fddb/JPEGImages/2002/08/24/big/img_444.jpg,265,118,304,172,face
D:/data/fddb/JPEGImages/2002/08/16/big/img_662.jpg,0,85,84,258,face
D:/data/fddb/JPEGImages/2002/08/16/big/img_662.jpg,100,30,222,214,face
D:/data/fddb/JPEGImages/2002/08/15/big/img_1209.jpg,9,132,79,240,face
D:/data/fddb/JPEGImages/2002/08/15/big/img_1209.jpg,167,137,246,254,face
D:/data/fddb/JPEGImages/2002/08/15/big/img_1209.jpg,280,185,295,210,face
D:/data/fddb/JPEGImages/2002/07/24/big/img_25.jpg,371,8,425,98,face
D:/data/fddb/JPEGImages/2002/07/24/big/img_25.jpg,295,0,347,76,face
D:/data/fddb/JPEGImages/2002/07/24/big/img_25.jpg,95,0,151,68,face
D:/data/fddb/JPEGImages/2002/07/24/big/img_25.jpg,46,34,149,192,face
D:/data/fddb/JPEGImages/2002/07/24/big/img_25.jpg,216,26,301,161,face
D:/data/fddb/JPEGImages/2002/08/06/big/img_2740.jpg,163,16,276,212,face
D:/data/fddb/JPEGImages/2002/08/06/big/img_2740.jpg,244,48,383,263,face
D:/data/fddb/JPEGImages/2002/07/29/big/img_996.jpg,106,29,204,198,face
D:/data/fddb/JPEGImages/2002/08/31/big/img_18074.jpg,49,31,216,314,face
D:/data/fddb/JPEGImages/2002/08/31/big/img_18074.jpg,258,51,388,287,face
D:/data/fddb/JPEGImages/2002/08/04/big/img_343.jpg,179,57,267,195,face
D:/data/fddb/JPEGImages/2003/01/17/big/img_509.jpg,45,38,219,338,face
D:/data/fddb/JPEGImages/2003/01/13/big/img_726.jpg,70,50,126,117,face
D:/data/fddb/JPEGImages/2003/01/13/big/img_726.jpg,260,51,321,135,face
D:/data/fddb/JPEGImages/2002/08/07/big/img_1466.jpg,83,35,172,166,face
D:/data/fddb/JPEGImages/2002/07/26/big/img_307.jpg,99,50,185,182,face
D:/data/fddb/JPEGImages/2002/08/10/big/img_598.jpg,7,46,175,292,face
D:/data/fddb/JPEGImages/2002/08/10/big/img_598.jpg,143,8,320,283,face
D:/data/fddb/JPEGImages/2002/08/10/big/img_598.jpg,284,21,450,290,face
D:/data/fddb/JPEGImages/2002/08/13/big/img_890.jpg,98,24,168,132,face
D:/data/fddb/JPEGImages/2002/08/14/big/img_997.jpg,82,43,183,179,face
D:/data/fddb/JPEGImages/2002/08/14/big/img_997.jpg,271,76,358,208,face
D:/data/fddb/JPEGImages/2002/07/19/big/img_392.jpg,185,22,266,146,face
D:/data/fddb/JPEGImages/2002/08/02/big/img_475.jpg,98,21,187,146,face
D:/data/fddb/JPEGImages/2002/08/29/big/img_19038.jpg,97,23,182,141,face
D:/data/fddb/JPEGImages/2002/08/29/big/img_19038.jpg,259,131,303,197,face
D:/data/fddb/JPEGImages/2002/08/29/big/img_19038.jpg,324,64,398,187,face
D:/data/fddb/JPEGImages/2002/07/29/big/img_538.jpg,108,18,233,216,face
D:/data/fddb/JPEGImages/2002/07/29/big/img_502.jpg,19,58,123,213,face
D:/data/fddb/JPEGImages/2002/07/29/big/img_502.jpg,110,198,221,364,face
D:/data/fddb/JPEGImages/2002/07/29/big/img_502.jpg,181,39,284,198,face
D:/data/fddb/JPEGImages/2002/07/29/big/img_502.jpg,253,280,295,424,face
D:/data/fddb/JPEGImages/2002/08/02/big/img_364.jpg,59,31,233,320,face
D:/data/fddb/JPEGImages/2002/08/31/big/img_17353.jpg,221,21,289,136,face
D:/data/fddb/JPEGImages/2002/08/08/big/img_539.jpg,170,9,282,192,face
D:/data/fddb/JPEGImages/2002/08/01/big/img_1449.jpg,67,140,215,365,face
D:/data/fddb/JPEGImages/2002/07/22/big/img_363.jpg,92,43,291,326,face
D:/data/fddb/JPEGImages/2002/08/02/big/img_90.jpg,80,74,255,336,face
D:/data/fddb/JPEGImages/2002/09/01/big/img_16867.jpg,190,86,281,210,face
D:/data/fddb/JPEGImages/2002/08/05/big/img_3371.jpg,67,25,327,427,face
D:/data/fddb/JPEGImages/2002/07/30/big/img_342.jpg,73,42,280,372,face
D:/data/fddb/JPEGImages/2002/07/30/big/img_342.jpg,221,130,333,357,face
D:/data/fddb/JPEGImages/2002/08/07/big/img_1363.jpg,13,16,85,137,face
D:/data/fddb/JPEGImages/2002/08/07/big/img_1363.jpg,88,109,177,233,face
D:/data/fddb/JPEGImages/2002/08/07/big/img_1363.jpg,134,42,226,180,face
D:/data/fddb/JPEGImages/2002/08/22/big/img_790.jpg,1,147,84,264,face
D:/data/fddb/JPEGImages/2002/08/22/big/img_790.jpg,0,234,21,264,face
D:/data/fddb/JPEGImages/2002/08/22/big/img_790.jpg,174,192,242,294,face
D:/data/fddb/JPEGImages/2002/08/22/big/img_790.jpg,335,126,411,247,face
D:/data/fddb/JPEGImages/2002/08/22/big/img_790.jpg,288,161,341,238,face
D:/data/fddb/JPEGImages/2003/01/15/big/img_404.jpg,55,123,173,306,face
D:/data/fddb/JPEGImages/2002/08/05/big/img_3447.jpg,132,43,226,201,face
D:/data/fddb/JPEGImages/2002/09/01/big/img_16167.jpg,140,31,326,317,face
D:/data/fddb/JPEGImages/2003/01/13/big/img_840.jpg,39,23,126,158,face
D:/data/fddb/JPEGImages/2002/08/22/big/img_1001.jpg,64,22,122,107,face
D:/data/fddb/JPEGImages/2002/08/09/big/img_431.jpg,64,8,195,215,face
D:/data/fddb/JPEGImages/2002/07/27/big/img_618.jpg,135,8,208,117,face
D:/data/fddb/JPEGImages/2002/07/31/big/img_741.jpg,26,8,167,218,face
D:/data/fddb/JPEGImages/2002/07/31/big/img_741.jpg,250,24,382,214,face
D:/data/fddb/JPEGImages/2002/07/30/big/img_964.jpg,71,26,220,258,face
D:/data/fddb/JPEGImages/2002/07/25/big/img_86.jpg,97,55,310,360,face
D:/data/fddb/JPEGImages/2002/07/29/big/img_275.jpg,75,6,164,151,face
D:/data/fddb/JPEGImages/2002/07/29/big/img_275.jpg,292,85,372,212,face
D:/data/fddb/JPEGImages/2002/08/21/big/img_921.jpg,106,0,219,140,face
D:/data/fddb/JPEGImages/2002/08/21/big/img_921.jpg,84,233,161,331,face
D:/data/fddb/JPEGImages/2002/08/21/big/img_921.jpg,148,226,226,339,face
D:/data/fddb/JPEGImages/2002/07/26/big/img_892.jpg,51,22,100,92,face
D:/data/fddb/JPEGImages/2002/07/26/big/img_892.jpg,197,19,267,123,face
D:/data/fddb/JPEGImages/2002/07/26/big/img_892.jpg,289,21,335,89,face
D:/data/fddb/JPEGImages/2002/07/26/big/img_892.jpg,364,66,418,142,face
D:/data/fddb/JPEGImages/2002/07/26/big/img_892.jpg,184,77,229,138,face
D:/data/fddb/JPEGImages/2002/07/26/big/img_892.jpg,348,43,391,110,face
D:/data/fddb/JPEGImages/2002/08/21/big/img_663.jpg,4,112,81,225,face
D:/data/fddb/JPEGImages/2002/08/21/big/img_663.jpg,144,95,292,295,face
D:/data/fddb/JPEGImages/2002/08/21/big/img_663.jpg,320,67,409,185,face
D:/data/fddb/JPEGImages/2003/01/13/big/img_567.jpg,124,30,204,156,face
D:/data/fddb/JPEGImages/2003/01/14/big/img_719.jpg,87,22,229,238,face
D:/data/fddb/JPEGImages/2002/07/28/big/img_251.jpg,129,68,252,254,face
D:/data/fddb/JPEGImages/2003/01/15/big/img_1123.jpg,182,21,251,124,face
D:/data/fddb/JPEGImages/2002/07/29/big/img_260.jpg,73,0,167,122,face
D:/data/fddb/JPEGImages/2002/07/29/big/img_260.jpg,94,231,218,403,face
D:/data/fddb/JPEGImages/2002/08/24/big/img_337.jpg,107,12,317,359,face
D:/data/fddb/JPEGImages/2002/08/01/big/img_1914.jpg,59,37,133,161,face
D:/data/fddb/JPEGImages/2002/08/01/big/img_1914.jpg,140,235,208,349,face
D:/data/fddb/JPEGImages/2002/08/13/big/img_373.jpg,60,50,127,161,face
D:/data/fddb/JPEGImages/2002/08/13/big/img_373.jpg,151,17,211,125,face
D:/data/fddb/JPEGImages/2003/01/15/big/img_589.jpg,158,9,263,184,face
D:/data/fddb/JPEGImages/2002/08/13/big/img_906.jpg,99,58,183,188,face
D:/data/fddb/JPEGImages/2002/08/13/big/img_906.jpg,196,2,298,137,face
D:/data/fddb/JPEGImages/2002/07/26/big/img_270.jpg,111,17,202,157,face
D:/data/fddb/JPEGImages/2002/08/26/big/img_313.jpg,125,18,193,120,face
D:/data/fddb/JPEGImages/2002/08/25/big/img_694.jpg,43,30,118,153,face
D:/data/fddb/JPEGImages/2002/08/25/big/img_694.jpg,210,18,277,134,face
D:/data/fddb/JPEGImages/2002/08/25/big/img_694.jpg,315,86,394,201,face
D:/data/fddb/JPEGImages/2003/01/01/big/img_327.jpg,64,45,242,323,face
D:/data/fddb/JPEGImages/2002/07/23/big/img_261.jpg,65,36,290,414,face
D:/data/fddb/JPEGImages/2002/08/26/big/img_642.jpg,91,188,177,309,face
D:/data/fddb/JPEGImages/2002/07/29/big/img_918.jpg,305,10,374,117,face
D:/data/fddb/JPEGImages/2002/07/23/big/img_455.jpg,5,48,117,204,face
D:/data/fddb/JPEGImages/2002/07/23/big/img_455.jpg,276,19,393,199,face
D:/data/fddb/JPEGImages/2002/07/24/big/img_612.jpg,202,18,272,141,face
D:/data/fddb/JPEGImages/2002/07/24/big/img_612.jpg,370,107,439,200,face
D:/data/fddb/JPEGImages/2002/07/23/big/img_534.jpg,6,148,65,238,face
D:/data/fddb/JPEGImages/2002/07/23/big/img_534.jpg,78,74,163,189,face
D:/data/fddb/JPEGImages/2002/07/23/big/img_534.jpg,182,20,280,170,face
D:/data/fddb/JPEGImages/2002/07/19/big/img_534.jpg,156,55,308,281,face
D:/data/fddb/JPEGImages/2002/07/19/big/img_726.jpg,79,31,171,171,face
D:/data/fddb/JPEGImages/2002/07/19/big/img_726.jpg,322,24,390,129,face
D:/data/fddb/JPEGImages/2002/07/19/big/img_726.jpg,405,41,450,105,face
D:/data/fddb/JPEGImages/2002/07/19/big/img_726.jpg,265,52,289,83,face
D:/data/fddb/JPEGImages/2002/08/01/big/img_2146.jpg,9,21,47,84,face
D:/data/fddb/JPEGImages/2002/08/01/big/img_2146.jpg,49,8,73,46,face
D:/data/fddb/JPEGImages/2002/08/01/big/img_2146.jpg,141,2,169,42,face
D:/data/fddb/JPEGImages/2002/08/01/big/img_2146.jpg,117,58,167,141,face
D:/data/fddb/JPEGImages/2002/08/01/big/img_2146.jpg,48,141,84,194,face
D:/data/fddb/JPEGImages/2002/08/01/big/img_2146.jpg,160,171,231,288,face
D:/data/fddb/JPEGImages/2002/08/01/big/img_2146.jpg,273,32,311,101,face
D:/data/fddb/JPEGImages/2002/08/01/big/img_2146.jpg,386,0,419,41,face
D:/data/fddb/JPEGImages/2002/08/02/big/img_543.jpg,72,7,186,180,face
D:/data/fddb/JPEGImages/2003/01/16/big/img_777.jpg,46,55,155,220,face
D:/data/fddb/JPEGImages/2003/01/16/big/img_777.jpg,224,40,334,217,face
D:/data/fddb/JPEGImages/2002/07/30/big/img_484.jpg,66,27,233,270,face
D:/data/fddb/JPEGImages/2002/08/13/big/img_1161.jpg,108,129,170,218,face
D:/data/fddb/JPEGImages/2002/08/13/big/img_1161.jpg,186,62,250,168,face
D:/data/fddb/JPEGImages/2002/08/13/big/img_1161.jpg,298,34,371,139,face
D:/data/fddb/JPEGImages/2002/08/13/big/img_1161.jpg,135,0,244,112,face
D:/data/fddb/JPEGImages/2002/07/21/big/img_390.jpg,115,19,192,124,face
D:/data/fddb/JPEGImages/2002/07/21/big/img_390.jpg,329,45,406,160,face
D:/data/fddb/JPEGImages/2002/07/21/big/img_390.jpg,2,49,20,78,face
D:/data/fddb/JPEGImages/2002/07/21/big/img_390.jpg,20,4,37,27,face
D:/data/fddb/JPEGImages/2002/07/21/big/img_390.jpg,50,51,62,71,face
D:/data/fddb/JPEGImages/2002/07/21/big/img_390.jpg,61,56,74,76,face
D:/data/fddb/JPEGImages/2002/07/21/big/img_390.jpg,36,111,55,140,face
D:/data/fddb/JPEGImages/2002/07/21/big/img_390.jpg,10,177,32,207,face
D:/data/fddb/JPEGImages/2002/07/21/big/img_390.jpg,0,134,23,179,face
D:/data/fddb/JPEGImages/2002/07/21/big/img_390.jpg,258,120,276,146,face
D:/data/fddb/JPEGImages/2002/07/21/big/img_390.jpg,298,166,325,205,face
D:/data/fddb/JPEGImages/2002/07/21/big/img_390.jpg,291,6,309,31,face
D:/data/fddb/JPEGImages/2002/07/21/big/img_390.jpg,325,128,343,150,face
D:/data/fddb/JPEGImages/2002/07/21/big/img_390.jpg,426,73,447,101,face
D:/data/fddb/JPEGImages/2002/07/21/big/img_390.jpg,223,15,240,38,face
D:/data/fddb/JPEGImages/2002/08/06/big/img_2288.jpg,205,86,288,226,face
D:/data/fddb/JPEGImages/2002/08/21/big/img_677.jpg,128,23,192,125,face
D:/data/fddb/JPEGImages/2002/08/13/big/img_747.jpg,71,40,220,245,face
D:/data/fddb/JPEGImages/2002/08/15/big/img_1248.jpg,69,53,233,302,face
D:/data/fddb/JPEGImages/2002/07/31/big/img_416.jpg,127,111,190,204,face
D:/data/fddb/JPEGImages/2002/07/31/big/img_416.jpg,243,72,303,170,face
D:/data/fddb/JPEGImages/2002/09/02/big/img_15259.jpg,57,24,176,201,face
D:/data/fddb/JPEGImages/2002/08/16/big/img_781.jpg,70,33,234,285,face
D:/data/fddb/JPEGImages/2002/08/24/big/img_754.jpg,60,8,134,133,face
D:/data/fddb/JPEGImages/2002/08/24/big/img_754.jpg,218,98,286,207,face
D:/data/fddb/JPEGImages/2002/08/24/big/img_754.jpg,323,79,386,184,face
D:/data/fddb/JPEGImages/2002/07/24/big/img_803.jpg,133,140,215,265,face
D:/data/fddb/JPEGImages/2002/08/20/big/img_609.jpg,24,89,180,323,face
D:/data/fddb/JPEGImages/2002/08/20/big/img_609.jpg,251,2,397,237,face
D:/data/fddb/JPEGImages/2002/08/28/big/img_19571.jpg,93,26,212,207,face
D:/data/fddb/JPEGImages/2002/09/01/big/img_16140.jpg,122,21,195,139,face
D:/data/fddb/JPEGImages/2002/08/26/big/img_769.jpg,26,24,212,326,face
D:/data/fddb/JPEGImages/2002/07/20/big/img_588.jpg,32,23,91,111,face
D:/data/fddb/JPEGImages/2002/07/20/big/img_588.jpg,132,19,193,108,face
D:/data/fddb/JPEGImages/2002/07/20/big/img_588.jpg,241,18,298,107,face
D:/data/fddb/JPEGImages/2002/07/20/big/img_588.jpg,336,15,401,111,face
D:/data/fddb/JPEGImages/2002/08/02/big/img_898.jpg,87,57,236,289,face
D:/data/fddb/JPEGImages/2002/07/21/big/img_466.jpg,60,31,182,224,face
D:/data/fddb/JPEGImages/2002/08/14/big/img_1046.jpg,50,20,241,340,face
D:/data/fddb/JPEGImages/2002/07/25/big/img_212.jpg,187,27,269,159,face
D:/data/fddb/JPEGImages/2002/08/26/big/img_353.jpg,173,3,281,168,face
D:/data/fddb/JPEGImages/2002/08/19/big/img_810.jpg,5,118,115,298,face
D:/data/fddb/JPEGImages/2002/08/19/big/img_810.jpg,164,20,297,267,face
D:/data/fddb/JPEGImages/2002/08/19/big/img_810.jpg,291,131,361,243,face
D:/data/fddb/JPEGImages/2002/08/31/big/img_17824.jpg,69,149,177,319,face
D:/data/fddb/JPEGImages/2002/08/31/big/img_17824.jpg,136,0,261,183,face
D:/data/fddb/JPEGImages/2002/08/12/big/img_631.jpg,96,27,205,221,face
D:/data/fddb/JPEGImages/2002/08/12/big/img_631.jpg,254,98,355,224,face
D:/data/fddb/JPEGImages/2002/07/19/big/img_828.jpg,302,29,361,117,face
D:/data/fddb/JPEGImages/2002/07/19/big/img_828.jpg,67,32,128,116,face
D:/data/fddb/JPEGImages/2002/07/24/big/img_130.jpg,137,139,217,272,face
D:/data/fddb/JPEGImages/2002/08/25/big/img_580.jpg,16,8,114,140,face
D:/data/fddb/JPEGImages/2002/08/25/big/img_580.jpg,155,155,283,333,face
D:/data/fddb/JPEGImages/2002/08/25/big/img_580.jpg,316,48,407,194,face
D:/data/fddb/JPEGImages/2002/07/31/big/img_699.jpg,77,40,185,205,face
D:/data/fddb/JPEGImages/2002/07/31/big/img_699.jpg,241,49,331,207,face
D:/data/fddb/JPEGImages/2002/07/23/big/img_808.jpg,108,0,227,205,face
D:/data/fddb/JPEGImages/2002/07/23/big/img_808.jpg,299,108,344,176,face
D:/data/fddb/JPEGImages/2002/07/23/big/img_808.jpg,359,118,410,200,face
D:/data/fddb/JPEGImages/2002/07/31/big/img_377.jpg,64,45,134,145,face
D:/data/fddb/JPEGImages/2002/07/31/big/img_377.jpg,360,31,431,133,face
D:/data/fddb/JPEGImages/2003/01/16/big/img_570.jpg,116,10,183,125,face
D:/data/fddb/JPEGImages/2002/09/01/big/img_16254.jpg,146,12,256,203,face
D:/data/fddb/JPEGImages/2002/07/21/big/img_471.jpg,122,28,284,276,face
D:/data/fddb/JPEGImages/2002/08/01/big/img_1548.jpg,38,146,185,339,face
D:/data/fddb/JPEGImages/2002/08/01/big/img_1548.jpg,159,8,336,246,face
D:/data/fddb/JPEGImages/2002/08/18/big/img_252.jpg,178,16,261,152,face
D:/data/fddb/JPEGImages/2002/08/19/big/img_576.jpg,181,159,273,309,face
D:/data/fddb/JPEGImages/2002/08/20/big/img_464.jpg,103,18,172,131,face
D:/data/fddb/JPEGImages/2002/07/27/big/img_735.jpg,47,48,207,290,face
D:/data/fddb/JPEGImages/2002/07/27/big/img_735.jpg,229,46,372,275,face
D:/data/fddb/JPEGImages/2002/08/21/big/img_589.jpg,90,0,331,311,face
D:/data/fddb/JPEGImages/2003/01/15/big/img_1192.jpg,177,16,245,122,face
D:/data/fddb/JPEGImages/2002/08/09/big/img_302.jpg,91,50,241,252,face
D:/data/fddb/JPEGImages/2002/07/31/big/img_594.jpg,188,35,270,166,face
D:/data/fddb/JPEGImages/2002/07/31/big/img_594.jpg,115,259,168,327,face
D:/data/fddb/JPEGImages/2002/08/23/big/img_19.jpg,62,34,265,312,face
D:/data/fddb/JPEGImages/2002/08/29/big/img_18819.jpg,78,35,227,260,face
D:/data/fddb/JPEGImages/2002/08/19/big/img_293.jpg,88,16,237,230,face
D:/data/fddb/JPEGImages/2002/07/30/big/img_331.jpg,67,24,308,359,face
D:/data/fddb/JPEGImages/2002/08/23/big/img_607.jpg,61,18,144,167,face
D:/data/fddb/JPEGImages/2002/08/23/big/img_607.jpg,154,0,237,127,face
D:/data/fddb/JPEGImages/2002/07/30/big/img_363.jpg,78,25,147,140,face
D:/data/fddb/JPEGImages/2002/07/30/big/img_363.jpg,294,22,373,141,face
D:/data/fddb/JPEGImages/2002/08/16/big/img_766.jpg,145,181,253,367,face
D:/data/fddb/JPEGImages/2003/01/13/big/img_481.jpg,97,11,241,205,face
D:/data/fddb/JPEGImages/2002/08/06/big/img_2515.jpg,44,34,122,163,face
D:/data/fddb/JPEGImages/2002/08/06/big/img_2515.jpg,165,95,230,210,face
D:/data/fddb/JPEGImages/2002/09/02/big/img_15913.jpg,30,35,129,178,face
D:/data/fddb/JPEGImages/2002/09/02/big/img_15913.jpg,185,85,257,195,face
D:/data/fddb/JPEGImages/2002/09/02/big/img_15913.jpg,328,40,416,166,face
D:/data/fddb/JPEGImages/2002/09/02/big/img_15827.jpg,231,59,346,197,face
D:/data/fddb/JPEGImages/2002/09/02/big/img_15053.jpg,124,22,243,192,face
D:/data/fddb/JPEGImages/2002/08/07/big/img_1576.jpg,205,107,290,228,face
D:/data/fddb/JPEGImages/2002/07/23/big/img_268.jpg,110,20,202,171,face
D:/data/fddb/JPEGImages/2002/08/21/big/img_152.jpg,71,22,236,308,face
D:/data/fddb/JPEGImages/2003/01/15/big/img_578.jpg,241,10,364,179,face
D:/data/fddb/JPEGImages/2002/07/21/big/img_589.jpg,114,176,198,313,face
D:/data/fddb/JPEGImages/2002/07/20/big/img_548.jpg,185,46,288,200,face
D:/data/fddb/JPEGImages/2002/08/27/big/img_19693.jpg,51,9,135,120,face
D:/data/fddb/JPEGImages/2002/08/27/big/img_19693.jpg,110,31,200,165,face
D:/data/fddb/JPEGImages/2002/08/27/big/img_19693.jpg,308,35,381,154,face
D:/data/fddb/JPEGImages/2002/08/31/big/img_17252.jpg,78,86,205,258,face
D:/data/fddb/JPEGImages/2002/07/31/big/img_138.jpg,190,79,271,204,face
D:/data/fddb/JPEGImages/2002/07/31/big/img_138.jpg,256,56,324,159,face
D:/data/fddb/JPEGImages/2002/07/31/big/img_138.jpg,305,18,375,133,face
D:/data/fddb/JPEGImages/2002/07/23/big/img_372.jpg,133,11,229,170,face
D:/data/fddb/JPEGImages/2002/07/23/big/img_372.jpg,0,114,70,221,face
D:/data/fddb/JPEGImages/2002/08/16/big/img_695.jpg,90,40,219,241,face
D:/data/fddb/JPEGImages/2002/07/27/big/img_287.jpg,29,124,133,265,face
D:/data/fddb/JPEGImages/2002/07/27/big/img_287.jpg,218,102,316,246,face
D:/data/fddb/JPEGImages/2002/07/27/big/img_287.jpg,6,0,88,111,face
D:/data/fddb/JPEGImages/2002/07/27/big/img_287.jpg,101,57,193,218,face
D:/data/fddb/JPEGImages/2002/08/15/big/img_315.jpg,85,43,180,206,face
D:/data/fddb/JPEGImages/2002/08/10/big/img_361.jpg,66,27,253,349,face
D:/data/fddb/JPEGImages/2002/07/29/big/img_899.jpg,170,39,245,164,face
D:/data/fddb/JPEGImages/2002/08/13/big/img_771.jpg,275,11,351,118,face
D:/data/fddb/JPEGImages/2002/08/21/big/img_92.jpg,43,37,244,339,face
D:/data/fddb/JPEGImages/2003/01/15/big/img_425.jpg,60,0,196,204,face
D:/data/fddb/JPEGImages/2003/01/15/big/img_425.jpg,271,49,337,202,face
D:/data/fddb/JPEGImages/2003/01/16/big/img_450.jpg,218,26,338,208,face
D:/data/fddb/JPEGImages/2002/09/01/big/img_16942.jpg,86,14,161,130,face
D:/data/fddb/JPEGImages/2002/09/01/big/img_16942.jpg,222,17,256,60,face
D:/data/fddb/JPEGImages/2002/09/01/big/img_16942.jpg,16,74,46,117,face
D:/data/fddb/JPEGImages/2002/09/01/big/img_16942.jpg,340,37,372,85,face
D:/data/fddb/JPEGImages/2002/09/01/big/img_16942.jpg,305,24,337,71,face
D:/data/fddb/JPEGImages/2002/08/02/big/img_51.jpg,89,36,233,296,face
D:/data/fddb/JPEGImages/2002/09/02/big/img_15379.jpg,171,31,257,168,face
D:/data/fddb/JPEGImages/2002/09/02/big/img_15379.jpg,15,172,48,222,face
D:/data/fddb/JPEGImages/2002/09/02/big/img_15379.jpg,283,87,360,198,face
D:/data/fddb/JPEGImages/2002/09/02/big/img_15379.jpg,391,88,437,156,face
D:/data/fddb/JPEGImages/2002/09/02/big/img_15379.jpg,30,126,59,170,face
D:/data/fddb/JPEGImages/2002/08/24/big/img_147.jpg,107,14,177,124,face
D:/data/fddb/JPEGImages/2002/08/30/big/img_18122.jpg,120,28,239,209,face
D:/data/fddb/JPEGImages/2002/07/26/big/img_950.jpg,113,31,189,143,face
D:/data/fddb/JPEGImages/2002/08/07/big/img_1400.jpg,109,33,194,171,face
D:/data/fddb/JPEGImages/2002/08/17/big/img_468.jpg,93,38,229,246,face
D:/data/fddb/JPEGImages/2002/08/15/big/img_470.jpg,36,12,128,149,face
D:/data/fddb/JPEGImages/2002/08/15/big/img_470.jpg,147,12,216,107,face
D:/data/fddb/JPEGImages/2002/08/15/big/img_470.jpg,217,45,283,128,face
D:/data/fddb/JPEGImages/2002/08/15/big/img_470.jpg,277,85,341,172,face
D:/data/fddb/JPEGImages/2002/08/15/big/img_470.jpg,363,70,427,166,face
D:/data/fddb/JPEGImages/2002/07/30/big/img_318.jpg,69,22,149,133,face
D:/data/fddb/JPEGImages/2002/07/30/big/img_318.jpg,285,62,340,144,face
D:/data/fddb/JPEGImages/2002/07/22/big/img_644.jpg,137,30,233,174,face
D:/data/fddb/JPEGImages/2002/07/22/big/img_644.jpg,30,74,108,192,face
D:/data/fddb/JPEGImages/2002/07/22/big/img_644.jpg,255,107,321,200,face
D:/data/fddb/JPEGImages/2002/08/27/big/img_19732.jpg,101,30,341,330,face
D:/data/fddb/JPEGImages/2002/07/23/big/img_601.jpg,90,0,318,271,face
D:/data/fddb/JPEGImages/2002/07/23/big/img_601.jpg,0,0,85,189,face
D:/data/fddb/JPEGImages/2002/08/26/big/img_398.jpg,89,59,255,313,face
D:/data/fddb/JPEGImages/2002/08/21/big/img_428.jpg,9,16,73,127,face
D:/data/fddb/JPEGImages/2002/08/21/big/img_428.jpg,202,80,266,190,face
D:/data/fddb/JPEGImages/2002/08/21/big/img_428.jpg,362,32,429,138,face
D:/data/fddb/JPEGImages/2002/08/06/big/img_2119.jpg,160,14,307,251,face
D:/data/fddb/JPEGImages/2002/08/29/big/img_19103.jpg,189,21,260,130,face
D:/data/fddb/JPEGImages/2002/08/29/big/img_19103.jpg,258,67,293,117,face
D:/data/fddb/JPEGImages/2002/08/29/big/img_19103.jpg,358,72,406,146,face
D:/data/fddb/JPEGImages/2003/01/14/big/img_933.jpg,35,24,257,332,face
D:/data/fddb/JPEGImages/2002/08/11/big/img_674.jpg,96,36,290,313,face
D:/data/fddb/JPEGImages/2002/08/28/big/img_19420.jpg,79,13,140,107,face
D:/data/fddb/JPEGImages/2002/08/28/big/img_19420.jpg,241,56,302,150,face
D:/data/fddb/JPEGImages/2002/08/28/big/img_19420.jpg,366,22,424,112,face
D:/data/fddb/JPEGImages/2002/08/03/big/img_418.jpg,66,27,245,305,face
D:/data/fddb/JPEGImages/2002/08/17/big/img_312.jpg,181,0,258,123,face
D:/data/fddb/JPEGImages/2002/08/17/big/img_312.jpg,363,31,427,146,face
D:/data/fddb/JPEGImages/2002/08/17/big/img_312.jpg,69,97,161,215,face
D:/data/fddb/JPEGImages/2002/07/25/big/img_1044.jpg,141,11,273,197,face
D:/data/fddb/JPEGImages/2003/01/17/big/img_671.jpg,80,28,132,126,face
D:/data/fddb/JPEGImages/2003/01/17/big/img_671.jpg,232,9,297,114,face
D:/data/fddb/JPEGImages/2002/08/30/big/img_18297.jpg,63,8,154,162,face
D:/data/fddb/JPEGImages/2002/08/30/big/img_18297.jpg,199,20,272,127,face
D:/data/fddb/JPEGImages/2002/08/30/big/img_18297.jpg,265,18,362,170,face
D:/data/fddb/JPEGImages/2002/07/25/big/img_755.jpg,52,85,117,177,face
D:/data/fddb/JPEGImages/2002/07/25/big/img_755.jpg,230,22,305,128,face
D:/data/fddb/JPEGImages/2002/07/23/big/img_471.jpg,37,29,246,337,face
D:/data/fddb/JPEGImages/2002/08/21/big/img_39.jpg,101,18,186,143,face
D:/data/fddb/JPEGImages/2002/08/21/big/img_39.jpg,11,37,142,253,face
D:/data/fddb/JPEGImages/2002/07/26/big/img_699.jpg,24,82,52,120,face
D:/data/fddb/JPEGImages/2002/07/26/big/img_699.jpg,317,16,407,148,face
D:/data/fddb/JPEGImages/2003/01/14/big/img_33.jpg,115,21,191,145,face
D:/data/fddb/JPEGImages/2003/01/14/big/img_33.jpg,229,54,305,177,face
D:/data/fddb/JPEGImages/2003/01/14/big/img_33.jpg,372,129,404,173,face
D:/data/fddb/JPEGImages/2002/07/31/big/img_411.jpg,50,70,113,159,face
D:/data/fddb/JPEGImages/2002/07/31/big/img_411.jpg,131,18,197,129,face
D:/data/fddb/JPEGImages/2002/07/31/big/img_411.jpg,249,48,309,139,face
D:/data/fddb/JPEGImages/2002/08/16/big/img_645.jpg,72,26,164,174,face
D:/data/fddb/JPEGImages/2003/01/17/big/img_116.jpg,77,139,147,242,face
D:/data/fddb/JPEGImages/2002/09/02/big/img_15903.jpg,188,20,284,194,face
D:/data/fddb/JPEGImages/2002/08/20/big/img_120.jpg,29,183,43,202,face
D:/data/fddb/JPEGImages/2002/08/20/big/img_120.jpg,198,70,260,157,face
D:/data/fddb/JPEGImages/2002/08/20/big/img_120.jpg,98,173,110,189,face
D:/data/fddb/JPEGImages/2002/08/22/big/img_176.jpg,107,48,181,166,face
D:/data/fddb/JPEGImages/2002/08/22/big/img_176.jpg,155,75,218,171,face
D:/data/fddb/JPEGImages/2002/08/22/big/img_176.jpg,277,21,342,129,face
D:/data/fddb/JPEGImages/2002/07/29/big/img_1316.jpg,250,77,387,286,face
D:/data/fddb/JPEGImages/2002/07/29/big/img_1316.jpg,34,22,218,320,face
D:/data/fddb/JPEGImages/2002/08/27/big/img_19914.jpg,8,44,151,235,face
D:/data/fddb/JPEGImages/2002/07/22/big/img_719.jpg,96,26,340,339,face
D:/data/fddb/JPEGImages/2002/08/28/big/img_19239.jpg,49,44,248,342,face
D:/data/fddb/JPEGImages/2003/01/13/big/img_385.jpg,158,15,227,123,face
D:/data/fddb/JPEGImages/2002/08/08/big/img_525.jpg,164,17,242,141,face
D:/data/fddb/JPEGImages/2002/07/19/big/img_782.jpg,159,27,264,177,face
D:/data/fddb/JPEGImages/2002/08/13/big/img_843.jpg,51,117,84,164,face
D:/data/fddb/JPEGImages/2002/08/13/big/img_843.jpg,69,113,122,182,face
D:/data/fddb/JPEGImages/2002/08/13/big/img_843.jpg,171,53,203,103,face
D:/data/fddb/JPEGImages/2002/08/13/big/img_843.jpg,272,89,320,159,face
D:/data/fddb/JPEGImages/2002/08/13/big/img_843.jpg,311,118,389,217,face
D:/data/fddb/JPEGImages/2002/08/13/big/img_843.jpg,374,113,406,155,face
D:/data/fddb/JPEGImages/2002/08/13/big/img_843.jpg,416,110,450,176,face
D:/data/fddb/JPEGImages/2002/07/30/big/img_107.jpg,75,14,195,194,face
D:/data/fddb/JPEGImages/2002/07/30/big/img_107.jpg,264,38,371,212,face
D:/data/fddb/JPEGImages/2002/08/11/big/img_752.jpg,74,93,178,261,face
D:/data/fddb/JPEGImages/2002/08/11/big/img_752.jpg,185,16,313,222,face
D:/data/fddb/JPEGImages/2002/08/11/big/img_752.jpg,170,0,260,124,face
D:/data/fddb/JPEGImages/2002/07/29/big/img_383.jpg,71,65,241,332,face
D:/data/fddb/JPEGImages/2002/08/26/big/img_249.jpg,4,19,160,241,face
D:/data/fddb/JPEGImages/2002/08/29/big/img_18860.jpg,104,29,259,240,face
D:/data/fddb/JPEGImages/2002/07/30/big/img_70.jpg,83,12,151,126,face
D:/data/fddb/JPEGImages/2002/07/26/big/img_194.jpg,120,20,184,124,face
D:/data/fddb/JPEGImages/2002/08/15/big/img_530.jpg,85,69,229,288,face
D:/data/fddb/JPEGImages/2002/08/08/big/img_816.jpg,96,12,181,155,face
D:/data/fddb/JPEGImages/2002/08/08/big/img_816.jpg,218,121,266,190,face
D:/data/fddb/JPEGImages/2002/08/08/big/img_816.jpg,332,116,381,183,face
D:/data/fddb/JPEGImages/2002/08/08/big/img_816.jpg,404,100,450,163,face
D:/data/fddb/JPEGImages/2002/08/08/big/img_816.jpg,184,118,222,171,face
D:/data/fddb/JPEGImages/2002/07/31/big/img_286.jpg,93,34,165,154,face
D:/data/fddb/JPEGImages/2002/07/31/big/img_286.jpg,179,80,250,194,face
D:/data/fddb/JPEGImages/2003/01/13/big/img_294.jpg,104,9,191,131,face
D:/data/fddb/JPEGImages/2003/01/13/big/img_294.jpg,240,113,255,139,face
D:/data/fddb/JPEGImages/2002/07/31/big/img_251.jpg,82,23,220,260,face
D:/data/fddb/JPEGImages/2002/07/24/big/img_13.jpg,171,21,276,177,face
D:/data/fddb/JPEGImages/2002/08/31/big/img_17938.jpg,144,14,252,170,face
D:/data/fddb/JPEGImages/2002/07/22/big/img_642.jpg,26,118,60,165,face
D:/data/fddb/JPEGImages/2002/07/22/big/img_642.jpg,93,23,170,134,face
D:/data/fddb/JPEGImages/2003/01/14/big/img_728.jpg,48,45,163,232,face
D:/data/fddb/JPEGImages/2002/08/18/big/img_47.jpg,304,8,382,138,face
D:/data/fddb/JPEGImages/2002/08/18/big/img_47.jpg,143,59,158,82,face
D:/data/fddb/JPEGImages/2002/08/22/big/img_306.jpg,154,185,209,275,face
D:/data/fddb/JPEGImages/2002/08/22/big/img_306.jpg,237,58,316,175,face
D:/data/fddb/JPEGImages/2002/08/20/big/img_348.jpg,157,101,269,296,face
D:/data/fddb/JPEGImages/2002/08/15/big/img_764.jpg,174,21,271,169,face
D:/data/fddb/JPEGImages/2002/08/08/big/img_163.jpg,72,74,133,169,face
D:/data/fddb/JPEGImages/2002/07/23/big/img_531.jpg,58,16,234,291,face
D:/data/fddb/JPEGImages/2002/07/23/big/img_467.jpg,34,30,176,216,face
D:/data/fddb/JPEGImages/2002/07/23/big/img_467.jpg,78,217,193,383,face
D:/data/fddb/JPEGImages/2003/01/16/big/img_743.jpg,144,18,271,221,face
D:/data/fddb/JPEGImages/2003/01/13/big/img_535.jpg,91,54,177,188,face
D:/data/fddb/JPEGImages/2002/08/02/big/img_523.jpg,78,30,226,267,face
D:/data/fddb/JPEGImages/2002/08/22/big/img_120.jpg,126,10,222,150,face
D:/data/fddb/JPEGImages/2002/08/22/big/img_120.jpg,246,74,340,219,face
D:/data/fddb/JPEGImages/2002/08/11/big/img_496.jpg,25,58,93,170,face
D:/data/fddb/JPEGImages/2002/08/11/big/img_496.jpg,129,59,202,182,face
D:/data/fddb/JPEGImages/2002/08/11/big/img_496.jpg,240,56,319,175,face
D:/data/fddb/JPEGImages/2002/08/11/big/img_496.jpg,353,60,424,168,face
D:/data/fddb/JPEGImages/2002/08/29/big/img_19075.jpg,63,20,267,363,face
D:/data/fddb/JPEGImages/2002/08/08/big/img_465.jpg,52,21,232,295,face
D:/data/fddb/JPEGImages/2002/08/09/big/img_790.jpg,60,28,139,141,face
D:/data/fddb/JPEGImages/2002/08/09/big/img_790.jpg,284,12,358,124,face
